period,source_url
2021-05,https://www.stats.gov.cn/xxgk/sjfb/zxfb2020/202106/t20210617_1818515.html
2021-06,https://www.stats.gov.cn/xxgk/sjfb/zxfb2020/202107/t20210715_1819476.html
2021-07,https://www.stats.gov.cn/xxgk/sjfb/zxfb2020/202108/t20210816_1820576.html
2021-08,https://www.stats.gov.cn/xxgk/sjfb/zxfb2020/202109/t20210915_1822090.html
2021-09,https://www.stats.gov.cn/xxgk/sjfb/zxfb2020/202110/t20211020_1823636.html
2021-10,https://www.stats.gov.cn/xxgk/sjfb/zxfb2020/202111/t20211115_1824503.html
2021-11,https://www.stats.gov.cn/xxgk/sjfb/zxfb2020/202112/t20211215_1825292.html
2021-12,https://www.stats.gov.cn/xxgk/sjfb/zxfb2020/202201/t20220115_1826376.html
2022-01,https://www.stats.gov.cn/sj/zxfb/202302/t20230203_1901390.html
2022-02,https://www.stats.gov.cn/xxgk/sjfb/zxfb2020/202203/t20220316_1828781.html
2022-03,https://www.stats.gov.cn/xxgk/sjfb/zxfb2020/202204/t20220415_1829632.html
2022-04,https://www.stats.gov.cn/sj/zxfb/202302/t20230203_1901470.html
2022-05,https://www.stats.gov.cn/xxgk/sjfb/zxfb2020/202206/t20220616_1858370.html
2022-06,https://www.stats.gov.cn/xxgk/sjfb/zxfb2020/202207/t20220715_1886454.html
2022-07,https://www.stats.gov.cn/sj/zxfb/202302/t20230203_1901546.html
2022-08,https://www.stats.gov.cn/xxgk/sjfb/zxfb2020/202209/t20220916_1888342.html
2022-09,https://www.stats.gov.cn/xxgk/sjfb/zxfb2020/202210/t20221024_1889591.html
2022-10,https://www.stats.gov.cn/xxgk/sjfb/zxfb2020/202211/t20221116_1890340.html
2022-11,https://www.stats.gov.cn/sj/zxfb/202302/t20230203_1901676.html
2022-12,https://www.stats.gov.cn/xxgk/sjfb/zxfb2020/202301/t20230116_1891688.html
2023-01,https://www.stats.gov.cn/sj/zxfb/202302/t20230220_1913664.html
2023-02,https://www.stats.gov.cn/xxgk/sjfb/zxfb2020/202303/t20230316_1937306.html
2023-03,https://www.stats.gov.cn/xxgk/sjfb/zxfb2020/202304/t20230415_1938662.html
2023-04,https://www.stats.gov.cn/xxgk/sjfb/zxfb2020/202305/t20230517_1939610.html
2023-05,https://www.stats.gov.cn/xxgk/sjfb/zxfb2020/202306/t20230615_1940635.html
2023-06,https://www.stats.gov.cn/xxgk/sjfb/zxfb2020/202307/t20230715_1941249.html
2023-07,https://www.stats.gov.cn/sj/zxfb/202308/t20230816_1942026.html
2023-08,https://www.stats.gov.cn/sj/zxfb/202309/t20230915_1942839.html
2023-09,https://www.stats.gov.cn/sj/zxfb/202310/t20231019_1943721.html
2023-10,https://www.stats.gov.cn/sj/zxfb/202311/t20231115_1944597.html
2023-11,https://www.stats.gov.cn/sj/zxfb/202312/t20231215_1945561.html
2023-12,https://www.stats.gov.cn/sj/zxfb/202401/t20240117_1946600.html
2024-01,https://www.stats.gov.cn/xxgk/sjfb/zxfb2020/202402/t20240223_1947808.html
2024-02,https://www.stats.gov.cn/sj/zxfb/202403/t20240322_1948125.html
2024-03,https://www.stats.gov.cn/sj/zxfb/202404/t20240416_1948557.html
2024-04,https://www.stats.gov.cn/sj/zxfb/202405/t20240517_1950386.html
2024-05,https://www.stats.gov.cn/sj/zxfb/202406/t20240617_1954705.html
2024-06,https://www.stats.gov.cn/sj/zxfb/202407/t20240715_1955602.html
2024-07,https://www.stats.gov.cn/sj/zxfb/202408/t20240815_1955978.html
2024-08,https://www.stats.gov.cn/sj/zxfb/202409/t20240914_1956479.html
2024-09,https://www.stats.gov.cn/xxgk/sjfb/zxfb2020/202410/t20241018_1957035.html
2024-10,https://www.stats.gov.cn/sj/zxfb/202411/t20241115_1957419.html
2024-11,https://www.stats.gov.cn/xxgk/sjfb/zxfb2020/202412/t20241216_1957755.html
2024-12,https://www.stats.gov.cn/sj/zxfb/202501/t20250117_1958323.html
2025-01,https://www.stats.gov.cn/sj/zxfb/202502/t20250219_1958761.html
2025-02,https://www.stats.gov.cn/sj/zxfb/202503/t20250317_1959009.html
2025-03,https://www.stats.gov.cn/sj/zxfb/202504/t20250416_1959311.html
2025-04,https://www.stats.gov.cn/sj/zxfb/202505/t20250519_1959852.html
2025-05,https://www.stats.gov.cn/xxgk/sjfb/zxfb2020/202506/t20250616_1960163.html
2025-06,https://www.stats.gov.cn/sj/zxfb/202507/t20250715_1960403.html
2025-07,https://www.stats.gov.cn/sj/zxfb/202508/t20250815_1960781.html
2025-08,https://www.stats.gov.cn/sj/zxfb/202509/t20250915_1961175.html
2025-09,https://www.stats.gov.cn/sj/zxfb/202510/t20251020_1961597.html
2025-10,https://www.stats.gov.cn/sj/zxfb/202511/t20251114_1961850.html
2025-11,https://www.stats.gov.cn/sj/zxfb/202512/t20251215_1962069.html
2025-12,https://www.stats.gov.cn/sj/zxfb/202601/t20260119_1962319.html
2026-01,https://www.stats.gov.cn/sj/zxfb/202602/t20260213_1962617.html
