city,case,months,mae_pp
三亚,bias_0.5_0.5,13,0.24818195455544553
三亚,decomp_ridge,13,0.23982802976127046
三亚,decomp_tcn,13,0.19369810378322236
三亚,fair_tcn,13,0.24848057919969926
三亚,legacy_tcn,13,0.22245095790578767
三亚,multitask_0.05_weighted,13,0.21142038211513026
三亚,revin_tcn,13,0.24879697774751827
三亚,ridge_25,13,0.25516320895847466
三亚,last_month,13,0.26153846520643964
三亚,online_ensemble,13,0.2450482341087947
三亚,uniform_ensemble,13,0.23122114634611815
上海,bias_0.5_0.5,13,0.21721732649659542
上海,decomp_ridge,13,0.20840210526303884
上海,decomp_tcn,13,0.14075986582499284
上海,fair_tcn,13,0.15502741325360075
上海,legacy_tcn,13,0.1791784802881571
上海,multitask_0.05_weighted,13,0.1303367901306886
上海,revin_tcn,13,0.17636764645576483
上海,ridge_25,13,0.24569834397180706
上海,last_month,13,0.19230769402705705
上海,online_ensemble,13,0.17372533779577934
上海,uniform_ensemble,13,0.166411542028255
丹东,bias_0.5_0.5,13,0.20841924751487603
丹东,decomp_ridge,13,0.19300424594216772
丹东,decomp_tcn,13,0.19517307482086693
丹东,fair_tcn,13,0.2217429592059209
丹东,legacy_tcn,13,0.20588108301162722
丹东,multitask_0.05_weighted,13,0.19015326545788694
丹东,revin_tcn,13,0.19583117560698435
丹东,ridge_25,13,0.21239825224821446
丹东,last_month,13,0.2461538483317082
丹东,online_ensemble,13,0.21119757267261896
丹东,uniform_ensemble,13,0.19578238168462378
乌鲁木齐,bias_0.5_0.5,13,0.28035415623908505
乌鲁木齐,decomp_ridge,13,0.24267702651155687
乌鲁木齐,decomp_tcn,13,0.23383426316655603
乌鲁木齐,fair_tcn,13,0.2531788182373231
乌鲁木齐,legacy_tcn,13,0.22508638779847667
乌鲁木齐,multitask_0.05_weighted,13,0.23694701888240305
乌鲁木齐,revin_tcn,13,0.23675294322176624
乌鲁木齐,ridge_25,13,0.2846591284727228
乌鲁木齐,last_month,13,0.23846153949315732
乌鲁木齐,online_ensemble,13,0.2524582895976236
乌鲁木齐,uniform_ensemble,13,0.2362756206394304
九江,bias_0.5_0.5,13,0.26755441273864955
九江,decomp_ridge,13,0.24708897698509188
九江,decomp_tcn,13,0.27665260416957044
九江,fair_tcn,13,0.266616541147232
九江,legacy_tcn,13,0.2564897157896597
九江,multitask_0.05_weighted,13,0.2534864621523481
九江,revin_tcn,13,0.27023715296616924
九江,ridge_25,13,0.26589811774353317
九江,last_month,13,0.276923075891458
九江,online_ensemble,13,0.2599998376484426
九江,uniform_ensemble,13,0.24235513206016315
兰州,bias_0.5_0.5,13,0.18183096141481633
兰州,decomp_ridge,13,0.19166038327638252
兰州,decomp_tcn,13,0.21411797722371728
兰州,fair_tcn,13,0.20474721537186547
兰州,legacy_tcn,13,0.21098016454623297
兰州,multitask_0.05_weighted,13,0.20402108142868827
兰州,revin_tcn,13,0.198331876213734
兰州,ridge_25,13,0.19651715093328592
兰州,last_month,13,0.2384615388054114
兰州,online_ensemble,13,0.20137708245274696
兰州,uniform_ensemble,13,0.19067508108757122
包头,bias_0.5_0.5,13,0.1618236492561701
包头,decomp_ridge,13,0.16412120472734254
包头,decomp_tcn,13,0.1757105101759617
包头,fair_tcn,13,0.1528990124280636
包头,legacy_tcn,13,0.17817721229333144
包头,multitask_0.05_weighted,13,0.1673485470505861
包头,revin_tcn,13,0.17603162297835714
包头,ridge_25,13,0.1554964345839089
包头,last_month,13,0.22307692204530422
包头,online_ensemble,13,0.14825801559020504
包头,uniform_ensemble,13,0.16324443269117342
北京,bias_0.5_0.5,13,0.215958560269984
北京,decomp_ridge,13,0.22025094173992266
北京,decomp_tcn,13,0.25519455814590825
北京,fair_tcn,13,0.24318789488707598
北京,legacy_tcn,13,0.27890100651062455
北京,multitask_0.05_weighted,13,0.24148866465458507
北京,revin_tcn,13,0.23035789265368994
北京,ridge_25,13,0.22034457202186572
北京,last_month,13,0.3230769262864039
北京,online_ensemble,13,0.2318842101651297
北京,uniform_ensemble,13,0.24309556934820792
北海,bias_0.5_0.5,13,0.1836576162026267
北海,decomp_ridge,13,0.1705571863322271
北海,decomp_tcn,13,0.20543599128723147
北海,fair_tcn,13,0.18351887304049277
北海,legacy_tcn,13,0.18552748351716078
北海,multitask_0.05_weighted,13,0.21537578850984573
北海,revin_tcn,13,0.18396182839687059
北海,ridge_25,13,0.18117513759577697
北海,last_month,13,0.23846153869078712
北海,online_ensemble,13,0.18005109505571906
北海,uniform_ensemble,13,0.1836991759458092
南京,bias_0.5_0.5,13,0.2538538314959938
南京,decomp_ridge,13,0.26410357644198024
南京,decomp_tcn,13,0.2982851271732495
南京,fair_tcn,13,0.2857539018759361
南京,legacy_tcn,13,0.26584227291437296
南京,multitask_0.05_weighted,13,0.27943483545229986
南京,revin_tcn,13,0.29169758311831034
南京,ridge_25,13,0.2613461812313295
南京,last_month,13,0.33846153536668194
南京,online_ensemble,13,0.2711491385141849
南京,uniform_ensemble,13,0.2676643818451171
南充,bias_0.5_0.5,13,0.1733739409720205
南充,decomp_ridge,13,0.18362182464261628
南充,decomp_tcn,13,0.21611220247756974
南充,fair_tcn,13,0.19958625367054578
南充,legacy_tcn,13,0.20086944000079082
南充,multitask_0.05_weighted,13,0.21521271702188713
南充,revin_tcn,13,0.18549999502988965
南充,ridge_25,13,0.18177669054352077
南充,last_month,13,0.207692310328667
南充,online_ensemble,13,0.1896992963147975
南充,uniform_ensemble,13,0.1893808347932472
南宁,bias_0.5_0.5,13,0.31169400639397904
南宁,decomp_ridge,13,0.28897659080114413
南宁,decomp_tcn,13,0.226153710943002
南宁,fair_tcn,13,0.2872759424725351
南宁,legacy_tcn,13,0.2746491377170269
南宁,multitask_0.05_weighted,13,0.22220654556384453
南宁,revin_tcn,13,0.29799565778095993
南宁,ridge_25,13,0.32630656989141027
南宁,last_month,13,0.2692307687722719
南宁,online_ensemble,13,0.29371177377949237
南宁,uniform_ensemble,13,0.25837365659197714
南昌,bias_0.5_0.5,13,0.24180209862734514
南昌,decomp_ridge,13,0.2541325299659865
南昌,decomp_tcn,13,0.2786354773319685
南昌,fair_tcn,13,0.22637726736183353
南昌,legacy_tcn,13,0.2467040524459803
南昌,multitask_0.05_weighted,13,0.2711602082905861
南昌,revin_tcn,13,0.24071517111017154
南昌,ridge_25,13,0.24459142201736644
南昌,last_month,13,0.269230768772272
南昌,online_ensemble,13,0.239400751781485
南昌,uniform_ensemble,13,0.23647674307207672
厦门,bias_0.5_0.5,13,0.1646755363139357
厦门,decomp_ridge,13,0.17842460256608322
厦门,decomp_tcn,13,0.24325071091835315
厦门,fair_tcn,13,0.1757236222664897
厦门,legacy_tcn,13,0.1917933017731859
厦门,multitask_0.05_weighted,13,0.21531042359196223
厦门,revin_tcn,13,0.20604768237815457
厦门,ridge_25,13,0.16374226679060477
厦门,last_month,13,0.21538461710398016
厦门,online_ensemble,13,0.17296927058561032
厦门,uniform_ensemble,13,0.18166937906146297
合肥,bias_0.5_0.5,13,0.22241363183227725
合肥,decomp_ridge,13,0.2145637688706597
合肥,decomp_tcn,13,0.18730402161868717
合肥,fair_tcn,13,0.22866844941432085
合肥,legacy_tcn,13,0.219109752573646
合肥,multitask_0.05_weighted,13,0.18044758353274887
合肥,revin_tcn,13,0.18889230721128672
合肥,ridge_25,13,0.25033735927592615
合肥,last_month,13,0.16153846428944516
合肥,online_ensemble,13,0.21637984967077017
合肥,uniform_ensemble,13,0.17812438096097585
吉林,bias_0.5_0.5,13,0.20418634175179384
吉林,decomp_ridge,13,0.20155636143316794
吉林,decomp_tcn,13,0.18759086120587126
吉林,fair_tcn,13,0.19630014873467957
吉林,legacy_tcn,13,0.2045130211573381
吉林,multitask_0.05_weighted,13,0.19387485109842742
吉林,revin_tcn,13,0.22738147412355134
吉林,ridge_25,13,0.19073568665937674
吉林,last_month,13,0.27692307726694987
吉林,online_ensemble,13,0.19097453931449698
吉林,uniform_ensemble,13,0.19894349127360333
呼和浩特,bias_0.5_0.5,13,0.18038516341332603
呼和浩特,decomp_ridge,13,0.16121090407590108
呼和浩特,decomp_tcn,13,0.19167302503035621
呼和浩特,fair_tcn,13,0.20652089760853695
呼和浩特,legacy_tcn,13,0.19211928523503818
呼和浩特,multitask_0.05_weighted,13,0.18737983428514918
呼和浩特,revin_tcn,13,0.1541746421502187
呼和浩特,ridge_25,13,0.1899154984179979
呼和浩特,last_month,13,0.16153846795742327
呼和浩特,online_ensemble,13,0.19051780999113
呼和浩特,uniform_ensemble,13,0.14496597770419384
哈尔滨,bias_0.5_0.5,13,0.18236625337201445
哈尔滨,decomp_ridge,13,0.1812200826805655
哈尔滨,decomp_tcn,13,0.16002901322566546
哈尔滨,fair_tcn,13,0.17461981567052695
哈尔滨,legacy_tcn,13,0.18668641503900288
哈尔滨,multitask_0.05_weighted,13,0.16072983695910528
哈尔滨,revin_tcn,13,0.18574391397146076
哈尔滨,ridge_25,13,0.2053121555134081
哈尔滨,last_month,13,0.2307692305399821
哈尔滨,online_ensemble,13,0.17800106662589613
哈尔滨,uniform_ensemble,13,0.1865093973629698
唐山,bias_0.5_0.5,13,0.13735628956176488
唐山,decomp_ridge,13,0.13642729332243556
唐山,decomp_tcn,13,0.15557115742793448
唐山,fair_tcn,13,0.12591765041534717
唐山,legacy_tcn,13,0.09436382995201989
唐山,multitask_0.05_weighted,13,0.14598371363603152
唐山,revin_tcn,13,0.1423437375288743
唐山,ridge_25,13,0.1283785490744745
唐山,last_month,13,0.18461538025966057
唐山,online_ensemble,13,0.12407888081349075
唐山,uniform_ensemble,13,0.13875935049952262
大理,bias_0.5_0.5,13,0.1900343878315937
大理,decomp_ridge,13,0.1628583377797835
大理,decomp_tcn,13,0.18026689927165324
大理,fair_tcn,13,0.1767699153950581
大理,legacy_tcn,13,0.1590630352497101
大理,multitask_0.05_weighted,13,0.1972580753839933
大理,revin_tcn,13,0.18288642787016351
大理,ridge_25,13,0.18182591504629514
大理,last_month,13,0.19230769838278108
大理,online_ensemble,13,0.17725290954394077
大理,uniform_ensemble,13,0.18106977625884596
大连,bias_0.5_0.5,13,0.3023851561861082
大连,decomp_ridge,13,0.30909468726695455
大连,decomp_tcn,13,0.29055828621181157
大连,fair_tcn,13,0.3084565027975119
大连,legacy_tcn,13,0.33647889162485417
大连,multitask_0.05_weighted,13,0.3013757079553146
大连,revin_tcn,13,0.3051690558974559
大连,ridge_25,13,0.32456270743565874
大连,last_month,13,0.37692307829856875
大连,online_ensemble,13,0.3072939890396704
大连,uniform_ensemble,13,0.324498512930874
天津,bias_0.5_0.5,13,0.2715578860772166
天津,decomp_ridge,13,0.2587310152359822
天津,decomp_tcn,13,0.3032756056923133
天津,fair_tcn,13,0.26404618276999553
天津,legacy_tcn,13,0.29660646090140713
天津,multitask_0.05_weighted,13,0.2834885903275931
天津,revin_tcn,13,0.25893414599391135
天津,ridge_25,13,0.2675708190121896
天津,last_month,13,0.2923076872642224
天津,online_ensemble,13,0.2639493562096193
天津,uniform_ensemble,13,0.2687177574593881
太原,bias_0.5_0.5,13,0.1831448081337787
太原,decomp_ridge,13,0.16617547436602847
太原,decomp_tcn,13,0.1684640060143115
太原,fair_tcn,13,0.18100730473032364
太原,legacy_tcn,13,0.16959588000407586
太原,multitask_0.05_weighted,13,0.17198918415949896
太原,revin_tcn,13,0.1938161762574544
太原,ridge_25,13,0.19493284041678824
太原,last_month,13,0.2230769241085419
太原,online_ensemble,13,0.18561829923441917
太原,uniform_ensemble,13,0.18657184593367518
宁波,bias_0.5_0.5,13,0.21982631826430968
宁波,decomp_ridge,13,0.2240871044536756
宁波,decomp_tcn,13,0.2754886448669892
宁波,fair_tcn,13,0.24823076530144766
宁波,legacy_tcn,13,0.23103866875171658
宁波,multitask_0.05_weighted,13,0.26327304582183175
宁波,revin_tcn,13,0.24793843503754875
宁波,ridge_25,13,0.22520103100238403
宁波,last_month,13,0.26923077255487443
宁波,online_ensemble,13,0.24646892701842568
宁波,uniform_ensemble,13,0.23931522556067958
安庆,bias_0.5_0.5,13,0.1480747673671025
安庆,decomp_ridge,13,0.14705775467874943
安庆,decomp_tcn,13,0.15901210388311973
安庆,fair_tcn,13,0.14713610330453286
安庆,legacy_tcn,13,0.17156984439262976
安庆,multitask_0.05_weighted,13,0.16655145012415376
安庆,revin_tcn,13,0.14662457566994885
安庆,ridge_25,13,0.15782618146985933
安庆,last_month,13,0.1692307691161449
安庆,online_ensemble,13,0.14809811911224857
安庆,uniform_ensemble,13,0.1580643512968457
宜昌,bias_0.5_0.5,13,0.24673562876389082
宜昌,decomp_ridge,13,0.22056965192394543
宜昌,decomp_tcn,13,0.22953375555001776
宜昌,fair_tcn,13,0.24400881590464943
宜昌,legacy_tcn,13,0.27154984631790563
宜昌,multitask_0.05_weighted,13,0.2271827036371598
宜昌,revin_tcn,13,0.21073864939837503
宜昌,ridge_25,13,0.25762929154836045
宜昌,last_month,13,0.22307692491091213
宜昌,online_ensemble,13,0.23976595976368692
宜昌,uniform_ensemble,13,0.22519360558829818
岳阳,bias_0.5_0.5,13,0.14721709722975607
岳阳,decomp_ridge,13,0.12791637386317195
岳阳,decomp_tcn,13,0.13361759117016428
岳阳,fair_tcn,13,0.1371885175888355
岳阳,legacy_tcn,13,0.14557953729079318
岳阳,multitask_0.05_weighted,13,0.13497528261863267
岳阳,revin_tcn,13,0.13788590110265292
岳阳,ridge_25,13,0.15232597576994097
岳阳,last_month,13,0.19230769219306804
岳阳,online_ensemble,13,0.13183564349516083
岳阳,uniform_ensemble,13,0.14135196922494375
常德,bias_0.5_0.5,13,0.18513817867804686
常德,decomp_ridge,13,0.1616366117912456
常德,decomp_tcn,13,0.1726514084981038
常德,fair_tcn,13,0.1649983872587864
常德,legacy_tcn,13,0.203373990379847
常德,multitask_0.05_weighted,13,0.1564370966802996
常德,revin_tcn,13,0.1767537754315596
常德,ridge_25,13,0.1836346072569187
常德,last_month,13,0.2538461572848833
常德,online_ensemble,13,0.16939362298632846
常德,uniform_ensemble,13,0.18483076097473614
平顶山,bias_0.5_0.5,13,0.1353985982877046
平顶山,decomp_ridge,13,0.12798350094907088
平顶山,decomp_tcn,13,0.1717911405488849
平顶山,fair_tcn,13,0.1510654048850903
平顶山,legacy_tcn,13,0.1404371448434316
平顶山,multitask_0.05_weighted,13,0.16383526881153768
平顶山,revin_tcn,13,0.14195567704737183
平顶山,ridge_25,13,0.1501864432544906
平顶山,last_month,13,0.16153846314320194
平顶山,online_ensemble,13,0.13772544112054305
平顶山,uniform_ensemble,13,0.1352576530978194
广州,bias_0.5_0.5,13,0.1924135342291399
广州,decomp_ridge,13,0.17813656942554038
广州,decomp_tcn,13,0.18827090031252458
广州,fair_tcn,13,0.1775462900216763
广州,legacy_tcn,13,0.18439085598175342
广州,multitask_0.05_weighted,13,0.1906582306783933
广州,revin_tcn,13,0.197370384948758
广州,ridge_25,13,0.1969066170264604
广州,last_month,13,0.20769231021404266
广州,online_ensemble,13,0.1839966737890926
广州,uniform_ensemble,13,0.1940484045314004
徐州,bias_0.5_0.5,13,0.29741631939627006
徐州,decomp_ridge,13,0.2760514182927573
徐州,decomp_tcn,13,0.28131139542047795
徐州,fair_tcn,13,0.2876951537453211
徐州,legacy_tcn,13,0.2955798261440717
徐州,multitask_0.05_weighted,13,0.27519729825166556
徐州,revin_tcn,13,0.30050153663525214
徐州,ridge_25,13,0.2886159771271758
徐州,last_month,13,0.3076923052851971
徐州,online_ensemble,13,0.28244912787378523
徐州,uniform_ensemble,13,0.27915892098359263
惠州,bias_0.5_0.5,13,0.2835190882828237
惠州,decomp_ridge,13,0.2753807256779433
惠州,decomp_tcn,13,0.2579019665144957
惠州,fair_tcn,13,0.2849344793993693
惠州,legacy_tcn,13,0.2851419823674055
惠州,multitask_0.05_weighted,13,0.2556545799741378
惠州,revin_tcn,13,0.26511641747246567
惠州,ridge_25,13,0.2911920260869976
惠州,last_month,13,0.36923076774065317
惠州,online_ensemble,13,0.2825214583389125
惠州,uniform_ensemble,13,0.30036797731853915
成都,bias_0.5_0.5,13,0.22413462889311137
成都,decomp_ridge,13,0.22772128696496616
成都,decomp_tcn,13,0.22797494863088316
成都,fair_tcn,13,0.20667333511205827
成都,legacy_tcn,13,0.18405860994870846
成都,multitask_0.05_weighted,13,0.22412184763413212
成都,revin_tcn,13,0.20661536432229552
成都,ridge_25,13,0.223615317427944
成都,last_month,13,0.21538461183126156
成都,online_ensemble,13,0.20378541388732296
成都,uniform_ensemble,13,0.19443599365179864
扬州,bias_0.5_0.5,13,0.26352392825169496
扬州,decomp_ridge,13,0.26362351163869174
扬州,decomp_tcn,13,0.30663607867004783
扬州,fair_tcn,13,0.2551720720071059
扬州,legacy_tcn,13,0.3279434103232164
扬州,multitask_0.05_weighted,13,0.2999791332735465
扬州,revin_tcn,13,0.2568076454676115
扬州,ridge_25,13,0.247742630905022
扬州,last_month,13,0.36923076957464224
扬州,online_ensemble,13,0.257731108024839
扬州,uniform_ensemble,13,0.28025204803595755
无锡,bias_0.5_0.5,13,0.28719868007439375
无锡,decomp_ridge,13,0.27642587816227376
无锡,decomp_tcn,13,0.25771550415800165
无锡,fair_tcn,13,0.27793295647089294
无锡,legacy_tcn,13,0.2571838333056523
无锡,multitask_0.05_weighted,13,0.27341530151092086
无锡,revin_tcn,13,0.2864535610836286
无锡,ridge_25,13,0.2904496236875623
无锡,last_month,13,0.3692307675114045
无锡,online_ensemble,13,0.2848181395075844
无锡,uniform_ensemble,13,0.3117229309347754
昆明,bias_0.5_0.5,13,0.20800355423128042
昆明,decomp_ridge,13,0.202203870419601
昆明,decomp_tcn,13,0.2422142734894386
昆明,fair_tcn,13,0.2120732597433604
昆明,legacy_tcn,13,0.19021863845678474
昆明,multitask_0.05_weighted,13,0.23173880789142393
昆明,revin_tcn,13,0.21337240223701184
昆明,ridge_25,13,0.2007500433029633
昆明,last_month,13,0.2230769252547851
昆明,online_ensemble,13,0.20405124075427714
昆明,uniform_ensemble,13,0.2008755503835566
杭州,bias_0.5_0.5,13,0.26405661968737937
杭州,decomp_ridge,13,0.2528862300134337
杭州,decomp_tcn,13,0.24607065711170442
杭州,fair_tcn,13,0.22711792810318554
杭州,legacy_tcn,13,0.2735050232937703
杭州,multitask_0.05_weighted,13,0.23240269468380856
杭州,revin_tcn,13,0.2363033775956585
杭州,ridge_25,13,0.2749321780856682
杭州,last_month,13,0.31538462065733397
杭州,online_ensemble,13,0.24645197409620012
杭州,uniform_ensemble,13,0.23950810123502791
桂林,bias_0.5_0.5,13,0.2017779043907826
桂林,decomp_ridge,13,0.18086713299720864
桂林,decomp_tcn,13,0.21599124211531417
桂林,fair_tcn,13,0.17936345221331487
桂林,legacy_tcn,13,0.1706211808782358
桂林,multitask_0.05_weighted,13,0.2097536997153209
桂林,revin_tcn,13,0.18042732780942555
桂林,ridge_25,13,0.18620582885611564
桂林,last_month,13,0.20769230998479402
桂林,online_ensemble,13,0.17844897145738692
桂林,uniform_ensemble,13,0.1797940561033908
武汉,bias_0.5_0.5,13,0.2890318844789808
武汉,decomp_ridge,13,0.28572481750274914
武汉,decomp_tcn,13,0.3086276112267604
武汉,fair_tcn,13,0.3163323044776917
武汉,legacy_tcn,13,0.2717928116138165
武汉,multitask_0.05_weighted,13,0.31110679822472426
武汉,revin_tcn,13,0.27151181139051916
武汉,ridge_25,13,0.293840185744776
武汉,last_month,13,0.3461538459245975
武汉,online_ensemble,13,0.3125345666269351
武汉,uniform_ensemble,13,0.31812911023119017
沈阳,bias_0.5_0.5,13,0.2856826500813423
沈阳,decomp_ridge,13,0.2646376017606827
沈阳,decomp_tcn,13,0.28114665437203185
沈阳,fair_tcn,13,0.2572201385520972
沈阳,legacy_tcn,13,0.28517180979251866
沈阳,multitask_0.05_weighted,13,0.2756223273965029
沈阳,revin_tcn,13,0.26130428971866004
沈阳,ridge_25,13,0.29191181910795294
沈阳,last_month,13,0.35384615854575086
沈阳,online_ensemble,13,0.2671938992857601
沈阳,uniform_ensemble,13,0.2756733045817815
泉州,bias_0.5_0.5,13,0.15130049117056615
泉州,decomp_ridge,13,0.17946224067201466
泉州,decomp_tcn,13,0.16543427996221
泉州,fair_tcn,13,0.16647143902597372
泉州,legacy_tcn,13,0.15332225202940974
泉州,multitask_0.05_weighted,13,0.16806726226439841
泉州,revin_tcn,13,0.15581030455919412
泉州,ridge_25,13,0.1648436864153219
泉州,last_month,13,0.16923077209637716
泉州,online_ensemble,13,0.159646003409413
泉州,uniform_ensemble,13,0.15749921229815395
泸州,bias_0.5_0.5,13,0.17812561180826691
泸州,decomp_ridge,13,0.1490583239090394
泸州,decomp_tcn,13,0.20349542292264788
泸州,fair_tcn,13,0.15992677280536066
泸州,legacy_tcn,13,0.14379009902477266
泸州,multitask_0.05_weighted,13,0.19323668489949059
泸州,revin_tcn,13,0.160351590697582
泸州,ridge_25,13,0.16801924930646464
泸州,last_month,13,0.14615384340286255
泸州,online_ensemble,13,0.15727527096038657
泸州,uniform_ensemble,13,0.13462135112990245
洛阳,bias_0.5_0.5,13,0.11765822545425234
洛阳,decomp_ridge,13,0.11389083019326372
洛阳,decomp_tcn,13,0.1323762053480515
洛阳,fair_tcn,13,0.11896742118092682
洛阳,legacy_tcn,13,0.1336045751204857
洛阳,multitask_0.05_weighted,13,0.1293708052772742
洛阳,revin_tcn,13,0.13709479536001498
洛阳,ridge_25,13,0.13299661442173433
洛阳,last_month,13,0.16923076579203974
洛阳,online_ensemble,13,0.11540159775639146
洛阳,uniform_ensemble,13,0.12103441012001522
济南,bias_0.5_0.5,13,0.181728479894439
济南,decomp_ridge,13,0.16760369246801216
济南,decomp_tcn,13,0.21818751472926046
济南,fair_tcn,13,0.17416715306731367
济南,legacy_tcn,13,0.19840212894173764
济南,multitask_0.05_weighted,13,0.20081239542565665
济南,revin_tcn,13,0.19933908088849142
济南,ridge_25,13,0.168255721487325
济南,last_month,13,0.23846154098327338
济南,online_ensemble,13,0.1798339839518312
济南,uniform_ensemble,13,0.19104765747697583
济宁,bias_0.5_0.5,13,0.1680910270412436
济宁,decomp_ridge,13,0.15623652369387592
济宁,decomp_tcn,13,0.17709335111654723
济宁,fair_tcn,13,0.15713712916924402
济宁,legacy_tcn,13,0.16139006316661836
济宁,multitask_0.05_weighted,13,0.18491046517514265
济宁,revin_tcn,13,0.13801809503481938
济宁,ridge_25,13,0.17101638741766062
济宁,last_month,13,0.1461538438613598
济宁,online_ensemble,13,0.1555872383920226
济宁,uniform_ensemble,13,0.1444455838175198
海口,bias_0.5_0.5,13,0.35666409813562083
海口,decomp_ridge,13,0.3664994395554182
海口,decomp_tcn,13,0.3769802439957858
海口,fair_tcn,13,0.3339502629752343
海口,legacy_tcn,13,0.3385010175980054
海口,multitask_0.05_weighted,13,0.3645248745514367
海口,revin_tcn,13,0.3516519150195213
海口,ridge_25,13,0.34993236665129046
海口,last_month,13,0.4461538466123435
海口,online_ensemble,13,0.3399771326749431
海口,uniform_ensemble,13,0.3664224168377025
深圳,bias_0.5_0.5,13,0.17736550540361745
深圳,decomp_ridge,13,0.1908913803431364
深圳,decomp_tcn,13,0.1910935656382487
深圳,fair_tcn,13,0.17931347007218462
深圳,legacy_tcn,13,0.17885191050859597
深圳,multitask_0.05_weighted,13,0.20096857948945115
深圳,revin_tcn,13,0.1912762648211076
深圳,ridge_25,13,0.17073033790042777
深圳,last_month,13,0.2307692330617171
深圳,online_ensemble,13,0.17336543853811262
深圳,uniform_ensemble,13,0.19034833863727155
温州,bias_0.5_0.5,13,0.15995445976796757
温州,decomp_ridge,13,0.171352504266826
温州,decomp_tcn,13,0.15382468246210082
温州,fair_tcn,13,0.15484422548459123
温州,legacy_tcn,13,0.21149226862650655
温州,multitask_0.05_weighted,13,0.1462015553162648
温州,revin_tcn,13,0.18413382527919916
温州,ridge_25,13,0.17137540128226753
温州,last_month,13,0.23846154029552752
温州,online_ensemble,13,0.15674169163479218
温州,uniform_ensemble,13,0.17556698812108829
湛江,bias_0.5_0.5,13,0.30491972443516074
湛江,decomp_ridge,13,0.28466156165141737
湛江,decomp_tcn,13,0.28599370293892346
湛江,fair_tcn,13,0.31047520373876275
湛江,legacy_tcn,13,0.30698974516529304
湛江,multitask_0.05_weighted,13,0.3027481443033769
湛江,revin_tcn,13,0.3051403282926633
湛江,ridge_25,13,0.3104497567056719
湛江,last_month,13,0.4538461588896237
湛江,online_ensemble,13,0.317299644083757
湛江,uniform_ensemble,13,0.3511544281082735
烟台,bias_0.5_0.5,13,0.2141097485722498
烟台,decomp_ridge,13,0.20855373169463085
烟台,decomp_tcn,13,0.1768640899887452
烟台,fair_tcn,13,0.20822615073277403
烟台,legacy_tcn,13,0.22925250438543468
烟台,multitask_0.05_weighted,13,0.17795399519113395
烟台,revin_tcn,13,0.20866295844316485
烟台,ridge_25,13,0.2208811599737241
烟台,last_month,13,0.2769230785278174
烟台,online_ensemble,13,0.21003015544149523
烟台,uniform_ensemble,13,0.21687507487131055
牡丹江,bias_0.5_0.5,13,0.1366925468715373
牡丹江,decomp_ridge,13,0.11121429713055532
牡丹江,decomp_tcn,13,0.114726072922349
牡丹江,fair_tcn,13,0.13271225782541127
牡丹江,legacy_tcn,13,0.1623341387281051
牡丹江,multitask_0.05_weighted,13,0.11380996474852931
牡丹江,revin_tcn,13,0.1196537712445626
牡丹江,ridge_25,13,0.13812743348959458
牡丹江,last_month,13,0.15384615705563473
牡丹江,online_ensemble,13,0.125381724270384
牡丹江,uniform_ensemble,13,0.12001756578877423
石家庄,bias_0.5_0.5,13,0.11144108874133368
石家庄,decomp_ridge,13,0.09831763519175014
石家庄,decomp_tcn,13,0.1195499361707614
石家庄,fair_tcn,13,0.083069764650785
石家庄,legacy_tcn,13,0.09017682543848285
石家庄,multitask_0.05_weighted,13,0.1145818894299177
石家庄,revin_tcn,13,0.12582298138966927
石家庄,ridge_25,13,0.09221996725369837
石家庄,last_month,13,0.14615384890482977
石家庄,online_ensemble,13,0.08393290120702787
石家庄,uniform_ensemble,13,0.10068440138304108
福州,bias_0.5_0.5,13,0.1789057544279363
福州,decomp_ridge,13,0.1855186277360115
福州,decomp_tcn,13,0.20132264311497033
福州,fair_tcn,13,0.19136293908724422
福州,legacy_tcn,13,0.19796317938643584
福州,multitask_0.05_weighted,13,0.192987217524877
福州,revin_tcn,13,0.20289454755301664
福州,ridge_25,13,0.1803949158649601
福州,last_month,13,0.23076923088385512
福州,online_ensemble,13,0.17961125320114849
福州,uniform_ensemble,13,0.1951528580797143
秦皇岛,bias_0.5_0.5,13,0.12221930876352555
秦皇岛,decomp_ridge,13,0.12217775803613687
秦皇岛,decomp_tcn,13,0.12195352201278392
秦皇岛,fair_tcn,13,0.12785957753658295
秦皇岛,legacy_tcn,13,0.1290955071265881
秦皇岛,multitask_0.05_weighted,13,0.13056671481866103
秦皇岛,revin_tcn,13,0.12697558219616228
秦皇岛,ridge_25,13,0.14465453301377756
秦皇岛,last_month,13,0.1384615435050084
秦皇岛,online_ensemble,13,0.12922472465268744
秦皇岛,uniform_ensemble,13,0.12776422770259793
蚌埠,bias_0.5_0.5,13,0.18230246301742042
蚌埠,decomp_ridge,13,0.16328212014426619
蚌埠,decomp_tcn,13,0.18470502586032336
蚌埠,fair_tcn,13,0.1710787252737926
蚌埠,legacy_tcn,13,0.17504081843564143
蚌埠,multitask_0.05_weighted,13,0.17966173632213703
蚌埠,revin_tcn,13,0.154966899064871
蚌埠,ridge_25,13,0.1904202944041814
蚌埠,last_month,13,0.14615384615384613
蚌埠,online_ensemble,13,0.17370037664546303
蚌埠,uniform_ensemble,13,0.1640894168157349
襄阳,bias_0.5_0.5,13,0.2880755436452716
襄阳,decomp_ridge,13,0.2917492921986661
襄阳,decomp_tcn,13,0.3112297791414536
襄阳,fair_tcn,13,0.2820304440764281
襄阳,legacy_tcn,13,0.32093234065060433
襄阳,multitask_0.05_weighted,13,0.3112059411521141
襄阳,revin_tcn,13,0.29184841399009415
襄阳,ridge_25,13,0.2859266388049767
襄阳,last_month,13,0.36153846291395336
襄阳,online_ensemble,13,0.28834049147458307
襄阳,uniform_ensemble,13,0.3010851382167067
西宁,bias_0.5_0.5,13,0.17074479561975864
西宁,decomp_ridge,13,0.15629658599528257
西宁,decomp_tcn,13,0.16296369502177604
西宁,fair_tcn,13,0.17550455240102916
西宁,legacy_tcn,13,0.1550553466265018
西宁,multitask_0.05_weighted,13,0.15799620839265677
西宁,revin_tcn,13,0.17279909000946925
西宁,ridge_25,13,0.1827876082489711
西宁,last_month,13,0.24615384959257566
西宁,online_ensemble,13,0.17525578665737027
西宁,uniform_ensemble,13,0.18096918183154448
西安,bias_0.5_0.5,13,0.2374868264928683
西安,decomp_ridge,13,0.23401577432030718
西安,decomp_tcn,13,0.21466125782865747
西安,fair_tcn,13,0.15988376369843119
西安,legacy_tcn,13,0.20359005240293654
西安,multitask_0.05_weighted,13,0.2075262507280478
西安,revin_tcn,13,0.18540150935833272
西安,ridge_25,13,0.21613343234903773
西安,last_month,13,0.18461537750867693
西安,online_ensemble,13,0.18439300506759834
西安,uniform_ensemble,13,0.18110519919859372
贵阳,bias_0.5_0.5,13,0.16934504857873411
贵阳,decomp_ridge,13,0.17233438109988158
贵阳,decomp_tcn,13,0.19157223598315168
贵阳,fair_tcn,13,0.15011004684492948
贵阳,legacy_tcn,13,0.16804050167019552
贵阳,multitask_0.05_weighted,13,0.18950941728857845
贵阳,revin_tcn,13,0.18492513078336537
贵阳,ridge_25,13,0.16082939495808185
贵阳,last_month,13,0.2230769241085419
贵阳,online_ensemble,13,0.1642207001078324
贵阳,uniform_ensemble,13,0.17773517302213784
赣州,bias_0.5_0.5,13,0.1884529501026896
赣州,decomp_ridge,13,0.1831855653813675
赣州,decomp_tcn,13,0.2170607533879005
赣州,fair_tcn,13,0.16756384269549296
赣州,legacy_tcn,13,0.17474402452890692
赣州,multitask_0.05_weighted,13,0.21783571349313624
赣州,revin_tcn,13,0.21360114377278552
赣州,ridge_25,13,0.18655373667871458
赣州,last_month,13,0.26153845947522386
赣州,online_ensemble,13,0.16615011406020416
赣州,uniform_ensemble,13,0.18680213433072687
遵义,bias_0.5_0.5,13,0.16905913658222577
遵义,decomp_ridge,13,0.1776201438045137
遵义,decomp_tcn,13,0.18438578557509644
遵义,fair_tcn,13,0.179713059302706
遵义,legacy_tcn,13,0.20136494342810835
遵义,multitask_0.05_weighted,13,0.19174583194634087
遵义,revin_tcn,13,0.19396355249560793
遵义,ridge_25,13,0.1598825704667003
遵义,last_month,13,0.25384615728488336
遵义,online_ensemble,13,0.1733026190734387
遵义,uniform_ensemble,13,0.19546894754545902
郑州,bias_0.5_0.5,13,0.21246901122924255
郑州,decomp_ridge,13,0.21749727676038863
郑州,decomp_tcn,13,0.23643069081008433
郑州,fair_tcn,13,0.2123687974248941
郑州,legacy_tcn,13,0.25603273465083193
郑州,multitask_0.05_weighted,13,0.21931086835952904
郑州,revin_tcn,13,0.23383468186052944
郑州,ridge_25,13,0.21373760657420238
郑州,last_month,13,0.2769230774961985
郑州,online_ensemble,13,0.2089046746769059
郑州,uniform_ensemble,13,0.22665911661566046
重庆,bias_0.5_0.5,13,0.23661243375080335
重庆,decomp_ridge,13,0.25692345505365116
重庆,decomp_tcn,13,0.26842590730923876
重庆,fair_tcn,13,0.25796739693122134
重庆,legacy_tcn,13,0.28889814070784126
重庆,multitask_0.05_weighted,13,0.27206612644860384
重庆,revin_tcn,13,0.2619756902353122
重庆,ridge_25,13,0.2325682061827761
重庆,last_month,13,0.361538467155053
重庆,online_ensemble,13,0.2504587470862767
重庆,uniform_ensemble,13,0.2840246900896835
金华,bias_0.5_0.5,13,0.17563798359423377
金华,decomp_ridge,13,0.1662529076803261
金华,decomp_tcn,13,0.15029295470852114
金华,fair_tcn,13,0.15924608867902024
金华,legacy_tcn,13,0.18307409217724432
金华,multitask_0.05_weighted,13,0.14754404129030615
金华,revin_tcn,13,0.1529919187036844
金华,ridge_25,13,0.19972545858009455
金华,last_month,13,0.18461538427151164
金华,online_ensemble,13,0.16173001351655297
金华,uniform_ensemble,13,0.15533797203084962
银川,bias_0.5_0.5,13,0.26504328644270536
银川,decomp_ridge,13,0.23485903232639888
银川,decomp_tcn,13,0.2718486373097851
银川,fair_tcn,13,0.25119255127098694
银川,legacy_tcn,13,0.2437932084959287
银川,multitask_0.05_weighted,13,0.2639806623642261
银川,revin_tcn,13,0.26781424343800886
银川,ridge_25,13,0.2523689910835517
银川,last_month,13,0.3461538523435592
银川,online_ensemble,13,0.25742278122363343
银川,uniform_ensemble,13,0.2783252897933174
锦州,bias_0.5_0.5,13,0.19499608001027985
锦州,decomp_ridge,13,0.17197862278896825
锦州,decomp_tcn,13,0.1776976812344331
锦州,fair_tcn,13,0.19360778285906863
锦州,legacy_tcn,13,0.18681682279476747
锦州,multitask_0.05_weighted,13,0.17323964811288392
锦州,revin_tcn,13,0.18894070707834681
锦州,ridge_25,13,0.2039834887337107
锦州,last_month,13,0.20000000114624314
锦州,online_ensemble,13,0.19138429324824127
锦州,uniform_ensemble,13,0.18684786988830845
长春,bias_0.5_0.5,13,0.2458960331089817
长春,decomp_ridge,13,0.2368330202609245
长春,decomp_tcn,13,0.2414051619492686
长春,fair_tcn,13,0.26071197940753055
长春,legacy_tcn,13,0.2348460537023269
长春,multitask_0.05_weighted,13,0.2519559024618222
长春,revin_tcn,13,0.25106210662768436
长春,ridge_25,13,0.25498270274853163
长春,last_month,13,0.34615384684159206
长春,online_ensemble,13,0.25188968815444684
长春,uniform_ensemble,13,0.26936938625109064
长沙,bias_0.5_0.5,13,0.2268905950207922
长沙,decomp_ridge,13,0.2032635358074244
长沙,decomp_tcn,13,0.22019364361006477
长沙,fair_tcn,13,0.23701617923350288
长沙,legacy_tcn,13,0.238985894405498
长沙,multitask_0.05_weighted,13,0.2185648346463075
长沙,revin_tcn,13,0.2508467175353032
长沙,ridge_25,13,0.21442845509148872
长沙,last_month,13,0.2307692299668606
长沙,online_ensemble,13,0.2310954849319369
长沙,uniform_ensemble,13,0.22205853106833612
青岛,bias_0.5_0.5,13,0.12247116730040451
青岛,decomp_ridge,13,0.11205009208286289
青岛,decomp_tcn,13,0.15888518622288336
青岛,fair_tcn,13,0.12431269459999526
青岛,legacy_tcn,13,0.12640558039912814
青岛,multitask_0.05_weighted,13,0.14832051833375143
青岛,revin_tcn,13,0.12942181218128937
青岛,ridge_25,13,0.12011528556202425
青岛,last_month,13,0.16153846245545608
青岛,online_ensemble,13,0.12285459850187924
青岛,uniform_ensemble,13,0.11438411055357996
韶关,bias_0.5_0.5,13,0.21903400927351754
韶关,decomp_ridge,13,0.21089142777649753
韶关,decomp_tcn,13,0.2258505376772239
韶关,fair_tcn,13,0.24877260980697774
韶关,legacy_tcn,13,0.24533857428110561
韶关,multitask_0.05_weighted,13,0.22282511408512412
韶关,revin_tcn,13,0.2255036074292058
韶关,ridge_25,13,0.24179845824554264
韶关,last_month,13,0.24615385062419454
韶关,online_ensemble,13,0.23155319210307693
韶关,uniform_ensemble,13,0.22739261969035324
