case,group,screening_mae_pp,final_validation_mae_pp,final_seed_count,validation_individual_seed_sd_pp,retrospective_mae_pp,price_gate_passed
ridge_5,baseline,0.2784397048885418,0.2784397048885418,1,0.0,,False
ridge_25,baseline,0.27807730872204833,0.27807730872204833,1,0.0,0.21345415207732904,False
ridge_100,baseline,0.2841031197727439,0.2841031197727439,1,0.0,,False
hgb_15,baseline,0.2928919989423867,0.2928919989423867,1,0.0,,False
hgb_7,baseline,0.29240280081862047,0.29240280081862047,1,0.0,,False
nlinear,baseline,0.2852802531971108,0.2852802531971108,3,0.0016184508011653446,,False
legacy_tcn,reference,0.2950760718511551,0.2950760718511551,3,0.0030554437107347607,0.21297642324194005,False
fair_tcn,fair_input,0.2791325302113269,0.28034686426907895,5,0.002571646115913957,0.20672395439861038,False
revin_tcn,normalization,0.2864726319882764,0.2864726319882764,3,0.0020259248466992564,0.20974816406249314,False
bias_0.5_0.5,calibration,0.2760026518280382,0.2760026518280382,1,0.0,0.21038671473567216,False
bias_0.5_1.0,calibration,0.2761675114458114,0.2761675114458114,1,0.0,,False
bias_0.8_0.5,calibration,0.2775583892226913,0.2775583892226913,1,0.0,,False
bias_0.8_1.0,calibration,0.2775668150508116,0.2775668150508116,1,0.0,,False
decomp_ridge,decomposition,0.29125226546485755,0.29125226546485755,1,0.0,0.20322955672182588,False
decomp_tcn,decomposition,0.3083451452392702,0.3083451452392702,3,0.009093910803163621,0.21414581566618546,False
decomp_revin,decomposition,0.30905588012964774,0.30905588012964774,3,0.01140719903826313,,False
multitask_0.01_plain,direction,0.30685797721184954,0.30685797721184954,3,0.010434464292863176,,False
multitask_0.01_weighted,direction,0.30688075133679726,0.30688075133679726,3,0.009895058093812211,,False
multitask_0.05_plain,direction,0.3073802691748333,0.3073802691748333,3,0.009842711774317869,,False
multitask_0.05_weighted,direction,0.30801539416485213,0.30781938938816195,5,0.012213092925068428,0.21089092912014246,False
