target_month,city,actual_change_pct,pred_online_ensemble,pred_uniform_ensemble
2025-01,三亚,0.2000000029802322,0.19868316292325156,0.33390283027141043
2025-01,上海,0.6000000238418579,0.5275482480754395,0.5327737371205428
2025-01,丹东,-0.6000000238418579,-0.23094150088821533,-0.26584033544439045
2025-01,乌鲁木齐,-0.4000000059604645,0.08086549766073693,0.07813333930429725
2025-01,九江,-0.4000000059604645,-0.15795515348357636,-0.1726280473117813
2025-01,兰州,0.0,-0.1118744947184891,-0.14368710720953987
2025-01,包头,-0.1000000014901161,-0.23352188188288953,-0.24148494562079004
2025-01,北京,-0.4000000059604645,0.08893026778031557,0.05723377556087478
2025-01,北海,-0.6000000238418579,-0.12218299101122532,-0.11362308897659412
2025-01,南京,0.699999988079071,0.3192314893242027,0.41198687193918176
2025-01,南充,-0.3000000119209289,0.1225854088062184,0.19290427549964181
2025-01,南宁,0.1000000014901161,0.09439992745439454,0.17957889997092452
2025-01,南昌,-0.3000000119209289,-0.118313423277707,-0.1278132699858305
2025-01,厦门,0.1000000014901161,0.06833640646032296,0.12027036910748579
2025-01,合肥,-0.1000000014901161,-0.15422619365698673,-0.17214811032192073
2025-01,吉林,-0.3000000119209289,-0.1747267058453617,-0.2521372080321648
2025-01,呼和浩特,-0.6000000238418579,-0.3979924473577824,-0.4919457455958541
2025-01,哈尔滨,-0.1000000014901161,-0.25710943016044335,-0.3126102169650128
2025-01,唐山,-0.2000000029802322,-0.26115483396595407,-0.28572367397799225
2025-01,大理,-0.3000000119209289,-0.10378384777512105,-0.10352033668870013
2025-01,大连,0.2000000029802322,-0.10228646127322617,-0.08307029112272388
2025-01,天津,0.3000000119209289,0.1504185989023053,0.17522983923232047
2025-01,太原,0.3000000119209289,0.09273461695924679,0.0673961564326577
2025-01,宁波,0.6000000238418579,0.2857340007778508,0.37305192932411174
2025-01,安庆,-0.1000000014901161,-0.3573390408033307,-0.41272985844953314
2025-01,宜昌,-0.1000000014901161,-0.10983577748433637,-0.14229784725146966
2025-01,岳阳,-0.2000000029802322,-0.3371719423935722,-0.3891460146076243
2025-01,常德,-0.3000000119209289,-0.10699581650395473,-0.0434252770370626
2025-01,平顶山,0.1000000014901161,0.16533042921933616,0.19126294763474022
2025-01,广州,0.0,-0.0789099545393701,-0.07544548832890921
2025-01,徐州,-0.4000000059604645,0.019280556127793,0.005074806280809221
2025-01,惠州,0.2000000029802322,-0.027254152081153553,0.04075712246841448
2025-01,成都,0.699999988079071,0.4403916817800516,0.4889345034980782
2025-01,扬州,-0.5,-0.08463012575046788,-0.025790287501344752
2025-01,无锡,0.5,0.0940977237823642,0.16866495336740683
2025-01,昆明,-0.3000000119209289,-0.15976841026074867,-0.15285712013832434
2025-01,杭州,0.3000000119209289,0.34843351757289825,0.3798951493524446
2025-01,桂林,-0.2000000029802322,-0.13630866014012974,-0.181636083191567
2025-01,武汉,0.5,0.3051784622379345,0.38257563304276787
2025-01,沈阳,-0.2000000029802322,0.05068038958757069,0.09478687077853049
2025-01,泉州,0.1000000014901161,0.07831528150328347,0.19721163992538693
2025-01,泸州,-0.5,-0.17554511799347247,-0.17293468344763624
2025-01,洛阳,-0.3000000119209289,-0.12176324832823762,-0.11137191792069548
2025-01,济南,-0.2000000029802322,-0.0649320289495966,-0.0676323719062275
2025-01,济宁,-0.2000000029802322,-0.20063662042972788,-0.2631644694407737
2025-01,海口,0.4000000059604645,-0.07511215609315149,-0.16855879626620596
2025-01,深圳,0.2000000029802322,0.07315275111000759,0.11473491164244765
2025-01,温州,-0.1000000014901161,-0.3854893887484351,-0.4011588999532895
2025-01,湛江,-0.1000000014901161,-0.28302183345428755,-0.3587652937682485
2025-01,烟台,-0.4000000059604645,-0.16156684441868774,-0.19303350242979866
2025-01,牡丹江,-0.4000000059604645,-0.19753098343127334,-0.1931641466573487
2025-01,石家庄,-0.1000000014901161,-0.16271960859538773,-0.22556886841224952
2025-01,福州,0.2000000029802322,-0.08066202041879293,-0.01683709714407192
2025-01,秦皇岛,-0.3000000119209289,-0.2723881016953321,-0.2819922118746033
2025-01,蚌埠,-0.2000000029802322,-0.10461577275380056,-0.1139680363456688
2025-01,襄阳,-0.2000000029802322,-0.18316930275716664,-0.17641295729738826
2025-01,西宁,-0.3000000119209289,-0.35966491875520135,-0.43639405011021404
2025-01,西安,-0.4000000059604645,-0.022645299419486693,-0.08276683298214653
2025-01,贵阳,-0.2000000029802322,-0.09425701449064745,-0.10429727797046211
2025-01,赣州,0.2000000029802322,0.17913322538205817,0.21120607010742354
2025-01,遵义,0.1000000014901161,-0.055176985231409105,-0.060501159852567155
2025-01,郑州,0.3000000119209289,0.09892436441971483,0.19510726568982834
2025-01,重庆,0.4000000059604645,-0.10179299079316032,-0.16535280491846308
2025-01,金华,0.0,-0.28746673916538645,-0.2560561843008655
2025-01,银川,-0.2000000029802322,0.04004008156394178,0.0173204117345666
2025-01,锦州,-0.5,-0.17639809458056904,-0.23454856919056016
2025-01,长春,-0.2000000029802322,-0.2268360863729456,-0.30267563578762136
2025-01,长沙,0.0,0.08787084469089226,0.11278549099135178
2025-01,青岛,0.1000000014901161,0.13228551382434384,0.19138273930459312
2025-01,韶关,-0.3000000119209289,-0.4486451748313687,-0.5120318903513967
2025-02,三亚,-0.1000000014901161,0.07934629470672938,0.10561602429354343
2025-02,上海,0.2000000029802322,0.5947962016182292,0.6114549897284911
2025-02,丹东,-0.4000000059604645,-0.3002262187608306,-0.36521197811300476
2025-02,乌鲁木齐,-0.1000000014901161,-0.1281353462030709,-0.19948020061632737
2025-02,九江,0.0,-0.1863704935380402,-0.22546872545846988
2025-02,兰州,-0.2000000029802322,-0.137548466898127,-0.10526385946637555
2025-02,包头,-0.4000000059604645,-0.163627428460397,-0.1449912086857554
2025-02,北京,0.1000000014901161,-0.08799275086478353,-0.16400909124597562
2025-02,北海,-0.3000000119209289,-0.3544619158412261,-0.4136930697861759
2025-02,南京,0.5,0.4663905114885164,0.5456051711414072
2025-02,南充,-0.2000000029802322,-0.16098062852572723,-0.20679843663943415
2025-02,南宁,0.1000000014901161,-0.023382147669101787,0.006530359082048024
2025-02,南昌,0.3000000119209289,-0.22945367956875817,-0.25713432329749036
2025-02,厦门,0.2000000029802322,-0.021252770168374,-0.001957993822859074
2025-02,合肥,0.2000000029802322,-0.09205363759093181,-0.09838119394871615
2025-02,吉林,-0.4000000059604645,-0.2811568397575957,-0.2964085931810903
2025-02,呼和浩特,-0.6000000238418579,-0.38614056602559454,-0.43208361196394063
2025-02,哈尔滨,0.3000000119209289,-0.15086600656344262,-0.13603305582104033
2025-02,唐山,-0.5,-0.2169361943035796,-0.21505813033925827
2025-02,大理,-0.2000000029802322,-0.2795588307590844,-0.29609777681608435
2025-02,大连,0.3000000119209289,0.010865807145377937,0.0656938343697833
2025-02,天津,-0.3000000119209289,0.1482655488750116,0.18312455830222213
2025-02,太原,0.1000000014901161,0.19017539369000866,0.2276568159056125
2025-02,宁波,0.3000000119209289,0.39973177254350967,0.46582921263946947
2025-02,安庆,-0.2000000029802322,-0.223149859328085,-0.20230063388040734
2025-02,宜昌,0.1000000014901161,-0.2059644555126885,-0.19214314679645844
2025-02,岳阳,-0.4000000059604645,-0.27127125209827724,-0.2606809870634216
2025-02,常德,0.1000000014901161,-0.22967295365312018,-0.24177076970155914
2025-02,平顶山,0.0,0.07355190327004554,0.08263909511868603
2025-02,广州,-0.2000000029802322,-0.05842336704843751,-0.045236186424542024
2025-02,徐州,-0.4000000059604645,-0.17058521827231535,-0.21315102290926025
2025-02,惠州,-0.2000000029802322,-0.010155916416673742,0.05209040538833523
2025-02,成都,0.3000000119209289,0.45189534056719005,0.5078033633792152
2025-02,扬州,-0.1000000014901161,-0.305731023499332,-0.34063946702730075
2025-02,无锡,-0.800000011920929,0.3283054190284813,0.38904299643556983
2025-02,昆明,-0.1000000014901161,-0.3574577122747451,-0.3490408881273781
2025-02,杭州,-0.1000000014901161,0.26644774628392814,0.2767939520251903
2025-02,桂林,-0.3000000119209289,-0.20194393461801435,-0.21000003495374114
2025-02,武汉,-0.3000000119209289,0.21315659110233412,0.28819990045940125
2025-02,沈阳,0.2000000029802322,-0.15967207046004994,-0.17546461560779147
2025-02,泉州,0.2000000029802322,-0.02898326831064761,0.0006232542684177014
2025-02,泸州,-0.4000000059604645,-0.37772991353520335,-0.4152512162651456
2025-02,洛阳,-0.1000000014901161,-0.2421951789788705,-0.2646471276751187
2025-02,济南,0.3000000119209289,-0.14788390070844315,-0.17161496671910628
2025-02,济宁,-0.3000000119209289,-0.15802411589111015,-0.16822755070245304
2025-02,海口,0.0,0.29400620371301456,0.3445033564108516
2025-02,深圳,0.4000000059604645,0.1350678601122083,0.14779775109129578
2025-02,温州,0.0,-0.21012780937134673,-0.19653171810885173
2025-02,湛江,-0.5,-0.0676820460623359,-0.06476539418371008
2025-02,烟台,-0.6000000238418579,-0.2131570316307881,-0.25849798204561814
2025-02,牡丹江,-0.2000000029802322,-0.2576058612787945,-0.2970108673638536
2025-02,石家庄,-0.3000000119209289,-0.023628492427361526,-0.030726859016886498
2025-02,福州,-0.1000000014901161,-0.041120586533022946,0.010146968644242103
2025-02,秦皇岛,-0.2000000029802322,-0.25191406040257924,-0.26055413305148384
2025-02,蚌埠,-0.3000000119209289,-0.15290160499684996,-0.16449848946500564
2025-02,襄阳,-0.1000000014901161,-0.20933404877598308,-0.20303654895659873
2025-02,西宁,-0.1000000014901161,-0.24357630893079896,-0.25366097143100286
2025-02,西安,-0.5,-0.14301133339246017,-0.20222218607114992
2025-02,贵阳,0.0,-0.14529938809031914,-0.1687973659542572
2025-02,赣州,0.0,0.11173541026636027,0.1266106368718031
2025-02,遵义,-0.4000000059604645,0.0041041527103896115,0.028307631060596375
2025-02,郑州,-0.4000000059604645,0.09381637437263557,0.15048382790034764
2025-02,重庆,-0.2000000029802322,0.27794921128531375,0.317761860060918
2025-02,金华,-0.1000000014901161,-0.14472227675431854,-0.11506018642916938
2025-02,银川,-0.6000000238418579,-0.08613330216380169,-0.12164915780464369
2025-02,锦州,-0.3000000119209289,-0.3481841080984583,-0.3907990683320078
2025-02,长春,-0.5,-0.2542465632554239,-0.25057054860758815
2025-02,长沙,-0.2000000029802322,0.012713345611226813,0.008889672009397925
2025-02,青岛,0.0,0.07764711622341187,0.0824963864374946
2025-02,韶关,-0.6000000238418579,-0.2772557002368534,-0.291947759639679
2025-03,三亚,-0.2000000029802322,-0.1549742358611877,-0.1727834694402168
2025-03,上海,0.699999988079071,0.22120973590958398,0.23833723143781071
2025-03,丹东,-0.699999988079071,-0.32279308159537146,-0.321461316899796
2025-03,乌鲁木齐,0.1000000014901161,-0.11837054706265962,-0.10864540353599886
2025-03,九江,-0.3000000119209289,-0.1447625517950734,-0.05145787058621766
2025-03,兰州,-0.5,-0.18740284749886554,-0.19899934553191975
2025-03,包头,-0.6000000238418579,-0.34799736907932843,-0.3635303223510688
2025-03,北京,-0.2000000029802322,0.00599314053626995,0.020743770106830626
2025-03,北海,-0.3000000119209289,-0.31486055960807985,-0.31987085871547494
2025-03,南京,0.1000000014901161,0.18125162813997236,0.29752037983770474
2025-03,南充,-0.1000000014901161,-0.18863663846328987,-0.20489430150607907
2025-03,南宁,0.2000000029802322,-0.11050980154055787,-0.07192081311001819
2025-03,南昌,0.2000000029802322,-0.02170948424472624,0.051243612366588975
2025-03,厦门,0.0,-0.0259608488484088,0.021806027994423806
2025-03,合肥,0.2000000029802322,-0.022149834792616074,0.040087661729995276
2025-03,吉林,-0.4000000059604645,-0.24857207618500404,-0.28931119043806974
2025-03,呼和浩特,-0.5,-0.4307993134172743,-0.4613745861557732
2025-03,哈尔滨,-0.2000000029802322,-0.0656749744850426,0.0560821325882654
2025-03,唐山,-0.3000000119209289,-0.3901016554194471,-0.424817522784001
2025-03,大理,-0.3000000119209289,-0.19752783605459642,-0.2060872469419792
2025-03,大连,-0.5,-0.06426445040222595,0.058879864785901674
2025-03,天津,0.3000000119209289,-0.21666720020102043,-0.3001094633233016
2025-03,太原,0.2000000029802322,0.04342310009734254,0.10398105885052471
2025-03,宁波,0.4000000059604645,0.13269642484813035,0.16616819186335174
2025-03,安庆,-0.3000000119209289,-0.25363100381659237,-0.2509855044843459
2025-03,宜昌,0.3000000119209289,-0.15447993604566942,-0.11835263173507657
2025-03,岳阳,-0.1000000014901161,-0.3368017636813963,-0.3622564282929994
2025-03,常德,-0.4000000059604645,-0.18888736891738991,-0.10143172958303501
2025-03,平顶山,-0.1000000014901161,-0.07500797491314817,-0.05351940339135238
2025-03,广州,-0.1000000014901161,-0.23832370674273762,-0.2396782750476911
2025-03,徐州,-0.3000000119209289,-0.3147753752348501,-0.31610392921417974
2025-03,惠州,-0.1000000014901161,-0.23190692320162337,-0.23588693059077964
2025-03,成都,0.5,0.26576634865649595,0.2312367314698074
2025-03,扬州,-0.4000000059604645,-0.2715105871957258,-0.2210937509343777
2025-03,无锡,-0.1000000014901161,-0.3445619819567776,-0.4818637433963595
2025-03,昆明,-0.4000000059604645,-0.24359549998274033,-0.23658691266030885
2025-03,杭州,0.5,0.019753267502907422,-0.042685829663421604
2025-03,桂林,0.2000000029802322,-0.2984477942798658,-0.31467219120609
2025-03,武汉,0.1000000014901161,-0.2793361429961423,-0.3478273621712783
2025-03,沈阳,-0.1000000014901161,-0.02416172709931315,0.03951674678784915
2025-03,泉州,0.2000000029802322,-0.04191346347655578,0.009774848912177884
2025-03,泸州,-0.2000000029802322,-0.4392073155677192,-0.4588669268944968
2025-03,洛阳,-0.2000000029802322,-0.25855569862588546,-0.24687739062155523
2025-03,济南,0.3000000119209289,0.0096605545620119,0.055275619683299373
2025-03,济宁,-0.2000000029802322,-0.22515815838390638,-0.23411743488932768
2025-03,海口,-0.2000000029802322,0.017109107910025116,0.010367901014609899
2025-03,深圳,0.1000000014901161,0.1684699250836762,0.2226878189136836
2025-03,温州,-0.3000000119209289,-0.18495707326179867,-0.1509864726772117
2025-03,湛江,0.2000000029802322,-0.34696707583136965,-0.382836029408892
2025-03,烟台,-0.4000000059604645,-0.4165396965800179,-0.47033840316107306
2025-03,牡丹江,-0.3000000119209289,-0.27551203390929113,-0.2618790273106563
2025-03,石家庄,-0.1000000014901161,-0.1891387865737509,-0.20924553932066092
2025-03,福州,0.1000000014901161,-0.16193482943795567,-0.17691619452464985
2025-03,秦皇岛,-0.5,-0.3164088100393531,-0.2859168914073954
2025-03,蚌埠,-0.4000000059604645,-0.2582936093278728,-0.2922393721578172
2025-03,襄阳,0.0,-0.25560165682348285,-0.217624002667689
2025-03,西宁,-0.5,-0.23825027691878992,-0.1962906583839728
2025-03,西安,-0.2000000029802322,-0.291645189638952,-0.36523416151525634
2025-03,贵阳,-0.2000000029802322,-0.11213596530964912,-0.10574371940272624
2025-03,赣州,-0.1000000014901161,-0.031279231689230906,-0.022809921646878145
2025-03,遵义,0.1000000014901161,-0.29963909213539236,-0.35242601290310027
2025-03,郑州,0.0,-0.3337832908567439,-0.37472790912345827
2025-03,重庆,0.2000000029802322,-0.06616293109805002,-0.11213475334344872
2025-03,金华,0.0,-0.20876801955840493,-0.1987888807480053
2025-03,银川,0.1000000014901161,-0.30815373756339676,-0.3836503539325688
2025-03,锦州,-0.1000000014901161,-0.30812613760034074,-0.3208258496044876
2025-03,长春,-0.3000000119209289,-0.3429817531294005,-0.3946839120023957
2025-03,长沙,0.3000000119209289,-0.1447064719174619,-0.17318170938150196
2025-03,青岛,0.2000000029802322,-0.04423306166932879,-0.03747013753655772
2025-03,韶关,0.0,-0.3181953590023453,-0.3644921984472011
2025-04,三亚,0.2000000029802322,-0.11760099527703602,-0.18672896142825246
2025-04,上海,0.5,0.46536713477483,0.5779602572301916
2025-04,丹东,-0.1000000014901161,-0.41732263834522165,-0.46444752324720473
2025-04,乌鲁木齐,0.3000000119209289,-0.005194818356729542,0.042155338501719625
2025-04,九江,-0.4000000059604645,-0.24012483223523914,-0.25039215931801406
2025-04,兰州,-0.4000000059604645,-0.33917518967282884,-0.41508153540692205
2025-04,包头,-0.4000000059604645,-0.4464014542144911,-0.5119706592159083
2025-04,北京,0.1000000014901161,0.006348124465024627,-0.14189994013698334
2025-04,北海,-0.4000000059604645,-0.27232642134716323,-0.2977057819175516
2025-04,南京,-0.4000000059604645,-0.0005655205424680071,-0.00026963865694039704
2025-04,南充,-0.2000000029802322,-0.11982423380602601,-0.12240526426685139
2025-04,南宁,0.1000000014901161,-0.042091949225863026,-0.003135984511132499
2025-04,南昌,-0.4000000059604645,0.11312747623751046,0.11908043241438468
2025-04,厦门,0.1000000014901161,-0.007333705225273993,0.0057246168910934005
2025-04,合肥,0.3000000119209289,0.04488187959159176,0.08216189514502398
2025-04,吉林,-0.3000000119209289,-0.29592767528018515,-0.328922126508018
2025-04,呼和浩特,-0.2000000029802322,-0.3842793880997506,-0.41252536306626786
2025-04,哈尔滨,-0.3000000119209289,-0.2045222626751867,-0.21727488360802094
2025-04,唐山,-0.4000000059604645,-0.31140931660085536,-0.34029856631605415
2025-04,大理,-0.6000000238418579,-0.29674395044411317,-0.3160480121172098
2025-04,大连,0.5,-0.33415837909400326,-0.4397357605786944
2025-04,天津,0.4000000059604645,0.11357573712319662,0.15044863430743557
2025-04,太原,0.3000000119209289,0.003538283861011529,0.11313639503312123
2025-04,宁波,0.0,0.15038533822658576,0.1877150338650098
2025-04,安庆,-0.4000000059604645,-0.2822728553892313,-0.29704175778063074
2025-04,宜昌,0.0,-0.042046305892825556,0.03554294424209537
2025-04,岳阳,-0.5,-0.2667240200957208,-0.21257032956408003
2025-04,常德,-0.2000000029802322,-0.3029141896264097,-0.3707097329162471
2025-04,平顶山,0.1000000014901161,-0.06466510437050337,-0.05318481627795793
2025-04,广州,-0.2000000029802322,-0.15592449621251048,-0.16932219782717994
2025-04,徐州,-0.4000000059604645,-0.3239192297009992,-0.3723822486118932
2025-04,惠州,0.1000000014901161,-0.25311456759325457,-0.2650967041302219
2025-04,成都,0.3000000119209289,0.3738151222606427,0.3818902665802062
2025-04,扬州,-0.1000000014901161,-0.2696204130271486,-0.3624914729910775
2025-04,无锡,-0.3000000119209289,-0.1491377569453749,-0.13402721788399719
2025-04,昆明,-0.4000000059604645,-0.32788320408811633,-0.3964283784267369
2025-04,杭州,0.4000000059604645,0.39049608946522296,0.40767653420847816
2025-04,桂林,-0.2000000029802322,-0.0185325208874918,0.07486928867195748
2025-04,武汉,-0.2000000029802322,-0.02551283311661419,-0.05167965966051555
2025-04,沈阳,-0.4000000059604645,-0.09913641463371774,-0.1063491962227997
2025-04,泉州,0.3000000119209289,-0.058430402991011814,-0.01889873336330667
2025-04,泸州,-0.4000000059604645,-0.2172921853038231,-0.23264507528232448
2025-04,洛阳,-0.1000000014901161,-0.16170521744733848,-0.1882888242971259
2025-04,济南,0.0,0.14344796942645235,0.14577707361314235
2025-04,济宁,-0.3000000119209289,-0.20324015740583024,-0.20611876242026322
2025-04,海口,-0.2000000029802322,-0.08453224909925325,-0.16795251121157512
2025-04,深圳,-0.1000000014901161,0.12195934834020683,0.1139838651968626
2025-04,温州,-0.2000000029802322,-0.2716541972268882,-0.30759366858560955
2025-04,湛江,-0.2000000029802322,-0.0993866536859742,0.04163598886368198
2025-04,烟台,0.1000000014901161,-0.3031488018203867,-0.3288347165524323
2025-04,牡丹江,-0.2000000029802322,-0.2818980912391505,-0.3376160305487861
2025-04,石家庄,-0.2000000029802322,-0.13263907745802278,-0.12109577165862201
2025-04,福州,0.2000000029802322,-0.03505528981682286,-0.03610042176498844
2025-04,秦皇岛,-0.3000000119209289,-0.4110948965836719,-0.42119052090871045
2025-04,蚌埠,-0.5,-0.25910197179464967,-0.32772879339092176
2025-04,襄阳,-0.1000000014901161,-0.1809667976452357,-0.1605748643202509
2025-04,西宁,-0.3000000119209289,-0.3735397645870432,-0.42930032211234675
2025-04,西安,-0.3000000119209289,-0.135014117446754,-0.1890440179092543
2025-04,贵阳,-0.3000000119209289,-0.1509307829725189,-0.18750348896488686
2025-04,赣州,-0.2000000029802322,-0.07421694798322381,-0.0729953489991374
2025-04,遵义,0.2000000029802322,-0.07528846696889946,-0.0652421141212987
2025-04,郑州,0.1000000014901161,-0.18176870881165227,-0.1868381902028151
2025-04,重庆,0.3000000119209289,0.0730060164235192,0.10644360664649014
2025-04,金华,-0.1000000014901161,-0.10663819150626841,-0.08378952190209323
2025-04,银川,-0.6000000238418579,-0.07430144691113406,-0.004031110999351047
2025-04,锦州,-0.5,-0.20532718694391797,-0.17965529925111268
2025-04,长春,-0.2000000029802322,-0.26851608884810224,-0.2543425524958001
2025-04,长沙,0.2000000029802322,0.05111506219004425,0.0992946003569341
2025-04,青岛,0.1000000014901161,0.05604763924178652,0.08968844239461987
2025-04,韶关,-0.3000000119209289,-0.20499781074638046,-0.1186801562251345
2025-05,三亚,0.1000000014901161,-0.1194105249424201,-0.030490425630866992
2025-05,上海,0.699999988079071,0.3233760932900372,0.38741449551364526
2025-05,丹东,-0.2000000029802322,-0.29816598221575497,-0.20750254063178622
2025-05,乌鲁木齐,0.4000000059604645,-0.035498614597941604,0.09685016095350896
2025-05,九江,0.2000000029802322,-0.4724234096766854,-0.48079822236249947
2025-05,兰州,-0.1000000014901161,-0.4216412093382825,-0.4082337817521719
2025-05,包头,-0.3000000119209289,-0.46626195888724165,-0.4441099436673926
2025-05,北京,-0.4000000059604645,-0.13167370383332647,-0.09662451483376935
2025-05,北海,-0.6000000238418579,-0.4447952360663281,-0.41851774958297794
2025-05,南京,-0.2000000029802322,-0.34574461481980506,-0.38421269035143224
2025-05,南充,-0.3000000119209289,-0.25704535478391743,-0.20775427331254903
2025-05,南宁,0.4000000059604645,-0.14264459618449282,-0.06489637317654642
2025-05,南昌,-0.8999999761581421,-0.33336824537045545,-0.3560266753191396
2025-05,厦门,0.1000000014901161,-0.17467690437637862,-0.06604339761860827
2025-05,合肥,0.2000000029802322,-0.04120854946268204,0.04996580778716935
2025-05,吉林,0.0,-0.3855256344167899,-0.3573470292223024
2025-05,呼和浩特,-0.3000000119209289,-0.3839757169232786,-0.3285428098384115
2025-05,哈尔滨,-0.1000000014901161,-0.3731954462166649,-0.34276493403960473
2025-05,唐山,-0.5,-0.4625159879199441,-0.45273164119776266
2025-05,大理,-0.4000000059604645,-0.5031102625859901,-0.517307284913766
2025-05,大连,-0.4000000059604645,-0.02303578001318282,0.1431825942325778
2025-05,天津,-0.5,0.09068545346529074,0.19993755984994566
2025-05,太原,0.0,-0.029547519999284885,0.09375811661462717
2025-05,宁波,-0.1000000014901161,-0.07392889242793865,-0.05199128006580792
2025-05,安庆,-0.5,-0.4791710298897841,-0.45517569990227913
2025-05,宜昌,-0.1000000014901161,-0.18316929650111743,-0.12834478253695325
2025-05,岳阳,-0.3000000119209289,-0.50081774162254,-0.4865354829201255
2025-05,常德,-0.2000000029802322,-0.4114885035552581,-0.3601299445324514
2025-05,平顶山,-0.2000000029802322,-0.16478826974713678,-0.06374407803381082
2025-05,广州,-0.800000011920929,-0.2800384885182635,-0.25530177947838206
2025-05,徐州,-0.2000000029802322,-0.46808643746800943,-0.4710491911995472
2025-05,惠州,-0.3000000119209289,-0.28888661851866515,-0.1937627349250594
2025-05,成都,0.1000000014901161,0.17678989813352713,0.2177112396357635
2025-05,扬州,-0.8999999761581421,-0.280811911586649,-0.21255888357807767
2025-05,无锡,-0.4000000059604645,-0.33794877045743155,-0.33502929964685074
2025-05,昆明,-0.5,-0.4962965359150546,-0.4788324048278745
2025-05,杭州,0.800000011920929,0.20387748672641878,0.2940794219523313
2025-05,桂林,-0.4000000059604645,-0.33217660657027204,-0.2860004612783009
2025-05,武汉,-0.699999988079071,-0.23631738027573285,-0.21376732206807514
2025-05,沈阳,0.3000000119209289,-0.40875443123560223,-0.3964045168189955
2025-05,泉州,-0.3000000119209289,-0.1370133949303772,-0.04270548521808738
2025-05,泸州,-0.5,-0.3688569895323065,-0.3450860927387991
2025-05,洛阳,-0.4000000059604645,-0.28350639174554254,-0.21669522642764752
2025-05,济南,-0.3000000119209289,-0.10954066361758742,-0.09298286003643472
2025-05,济宁,-0.4000000059604645,-0.39981749963854407,-0.36102246064559174
2025-05,海口,-0.699999988079071,-0.23859382786009295,-0.25180122939145255
2025-05,深圳,-0.4000000059604645,-0.18026769441771792,-0.13558698952762824
2025-05,温州,-0.2000000029802322,-0.3723821261826041,-0.3016364912736061
2025-05,湛江,-0.1000000014901161,-0.2811860776514775,-0.21314709286192926
2025-05,烟台,-0.1000000014901161,-0.23943317471396275,-0.12770366719080023
2025-05,牡丹江,0.1000000014901161,-0.39151506606155667,-0.3467537623268643
2025-05,石家庄,-0.3000000119209289,-0.2643563318463952,-0.23863634335064499
2025-05,福州,-0.2000000029802322,-0.11620069962171177,-0.0170742444944049
2025-05,秦皇岛,-0.5,-0.509625636390609,-0.45614212164440177
2025-05,蚌埠,-0.4000000059604645,-0.4786558438332411,-0.48796217361340316
2025-05,襄阳,-0.4000000059604645,-0.29457681957023385,-0.24846076041032986
2025-05,西宁,0.0,-0.39428635628135034,-0.37593240705904385
2025-05,西安,-0.4000000059604645,-0.24833203488918015,-0.2563013248269167
2025-05,贵阳,-0.4000000059604645,-0.3125857685380119,-0.2916240396803213
2025-05,赣州,0.1000000014901161,-0.24212281917396916,-0.21352436603954233
2025-05,遵义,-0.2000000029802322,-0.13021826429550803,-0.050673560290914445
2025-05,郑州,-0.5,-0.20764449104618798,-0.1144589388732743
2025-05,重庆,-0.5,0.01060663376208722,0.1139761823023599
2025-05,金华,-0.2000000029802322,-0.3172246865009188,-0.27126172529956377
2025-05,银川,-0.3000000119209289,-0.399051474686688,-0.4394551253919129
2025-05,锦州,-0.1000000014901161,-0.4210757391670874,-0.4060358006051686
2025-05,长春,-0.699999988079071,-0.32171540917738806,-0.26464484600531474
2025-05,长沙,0.3000000119209289,-0.04199951702615445,0.024811881584993027
2025-05,青岛,0.0,-0.08192790140862342,-0.01794424272509382
2025-05,韶关,-0.1000000014901161,-0.4194359235367696,-0.38411227840134776
2025-06,三亚,0.1000000014901161,-0.11758871181129335,-0.046184585009506424
2025-06,上海,0.4000000059604645,0.29814112333296516,0.4151902692862651
2025-06,丹东,0.1000000014901161,-0.37449149414255206,-0.32666683318414214
2025-06,乌鲁木齐,0.2000000029802322,0.008283246459398652,0.11711928728154575
2025-06,九江,0.1000000014901161,-0.22609094239339475,-0.11554561278158054
2025-06,兰州,-0.2000000029802322,-0.40989456691028114,-0.3285415668188688
2025-06,包头,-0.5,-0.47085077937046915,-0.42195350938766407
2025-06,北京,-0.3000000119209289,-0.44519931019238024,-0.43554183511484534
2025-06,北海,-0.4000000059604645,-0.6026332779959376,-0.5904427385847145
2025-06,南京,-1.0,-0.40495350218951554,-0.34965446215580576
2025-06,南充,-0.6000000238418579,-0.3348027640643658,-0.30793255892691634
2025-06,南宁,0.1000000014901161,-0.053493471048413274,0.07163590305815992
2025-06,南昌,-0.800000011920929,-0.7355200669583917,-0.7782002752862418
2025-06,厦门,-0.5,-0.22225660784346973,-0.12951868464508012
2025-06,合肥,0.1000000014901161,-0.11550737603195041,-0.03339992556438793
2025-06,吉林,-0.4000000059604645,-0.3509079178023702,-0.2681775266521889
2025-06,呼和浩特,-0.1000000014901161,-0.49436616123937466,-0.4470082358374273
2025-06,哈尔滨,-0.1000000014901161,-0.3904858988494686,-0.31617825667174987
2025-06,唐山,-0.699999988079071,-0.5835927291867236,-0.5589093326364882
2025-06,大理,-0.3000000119209289,-0.458324224161781,-0.4278748974422261
2025-06,大连,-0.2000000029802322,-0.42918687717038945,-0.41472747074781113
2025-06,天津,-0.2000000029802322,-0.4318716179689603,-0.43911724876048175
2025-06,太原,0.1000000014901161,-0.19455913085469737,-0.1371462693194145
2025-06,宁波,0.3000000119209289,-0.28550997499946373,-0.22568366433742865
2025-06,安庆,-0.3000000119209289,-0.6213203283757619,-0.5888883267812398
2025-06,宜昌,0.1000000014901161,-0.4013548595176823,-0.3323485777576872
2025-06,岳阳,-0.4000000059604645,-0.5684951498459008,-0.5034015185018124
2025-06,常德,-0.4000000059604645,-0.44404268762743393,-0.37813603669490153
2025-06,平顶山,-0.3000000119209289,-0.2940956138956731,-0.25888136637027853
2025-06,广州,-0.5,-0.6521208872583998,-0.6784807735727235
2025-06,徐州,-0.800000011920929,-0.48430412477640405,-0.41702315774541077
2025-06,惠州,-0.1000000014901161,-0.4515132197118964,-0.408719726643306
2025-06,成都,-0.3000000119209289,-0.05389721595546568,-0.008500411820021227
2025-06,扬州,-0.3000000119209289,-0.694981100512192,-0.7287604134676019
2025-06,无锡,-0.3000000119209289,-0.3134054824806398,-0.312645537118056
2025-06,昆明,-0.800000011920929,-0.6147319612834737,-0.5810696371690386
2025-06,杭州,0.2000000029802322,0.28930328019406604,0.44348521010440545
2025-06,桂林,-0.3000000119209289,-0.5386111262943944,-0.5025040178518188
2025-06,武汉,-0.1000000014901161,-0.582566922004162,-0.5885188859424703
2025-06,沈阳,0.1000000014901161,-0.12064842780464674,-0.003503548001363696
2025-06,泉州,-0.5,-0.32782977770506766,-0.31715903531442735
2025-06,泸州,-0.3000000119209289,-0.5620824780826881,-0.5327038958696886
2025-06,洛阳,-0.1000000014901161,-0.42194269159801256,-0.40515041526993506
2025-06,济南,-0.1000000014901161,-0.3765121294987808,-0.3631435221851409
2025-06,济宁,-0.2000000029802322,-0.5536651256266705,-0.5147289908270684
2025-06,海口,-0.8999999761581421,-0.5601753640257257,-0.5982800043571967
2025-06,深圳,-0.6000000238418579,-0.41492695948028635,-0.400098716365234
2025-06,温州,-0.6000000238418579,-0.46203623220557605,-0.39009631159274455
2025-06,湛江,0.3000000119209289,-0.49853712157759106,-0.3994477220138847
2025-06,烟台,-0.800000011920929,-0.3614463667035335,-0.2879865640977689
2025-06,牡丹江,-0.2000000029802322,-0.24682154170644413,-0.15576685087698355
2025-06,石家庄,-0.2000000029802322,-0.4386998485377255,-0.401949099979983
2025-06,福州,-0.4000000059604645,-0.36413067184348347,-0.31589166727924656
2025-06,秦皇岛,-0.6000000238418579,-0.5854149497422626,-0.5561731556495997
2025-06,蚌埠,-0.2000000029802322,-0.4945562846666713,-0.46305640558389716
2025-06,襄阳,-0.5,-0.4781593288394722,-0.4525139205677693
2025-06,西宁,-0.2000000029802322,-0.3348653519938616,-0.25103493373768404
2025-06,西安,-0.5,-0.42954378246725256,-0.4191221969604148
2025-06,贵阳,-0.3000000119209289,-0.4735696947574123,-0.44828853351585934
2025-06,赣州,-0.3000000119209289,-0.19940515223877153,-0.11397519461353955
2025-06,遵义,-0.4000000059604645,-0.31679360855481903,-0.2814944849043635
2025-06,郑州,-0.6000000238418579,-0.4462826783138416,-0.43594585940451924
2025-06,重庆,-0.6000000238418579,-0.44531042966822115,-0.45397280344660984
2025-06,金华,-0.2000000029802322,-0.4153494373448119,-0.3563903245659594
2025-06,银川,-0.1000000014901161,-0.3986874699604419,-0.36254626633114423
2025-06,锦州,-0.2000000029802322,-0.4370149888980113,-0.3553576247771069
2025-06,长春,-0.3000000119209289,-0.5969599495941356,-0.6040829306478086
2025-06,长沙,0.4000000059604645,-0.04873585285681605,0.04577445398038075
2025-06,青岛,-0.2000000029802322,-0.1545839820180328,-0.10229567117002973
2025-06,韶关,-0.2000000029802322,-0.4254993626464907,-0.34828777324974036
2025-07,三亚,0.2000000029802322,-0.15865395557114662,-0.13911716891258064
2025-07,上海,0.3000000119209289,0.2512578013312977,0.23325149433737824
2025-07,丹东,-0.2000000029802322,-0.2624857655445311,-0.22840834080918004
2025-07,乌鲁木齐,0.3000000119209289,-0.07011132211130285,-0.040181466561448255
2025-07,九江,-0.3000000119209289,-0.16893594731620543,-0.16405933629084976
2025-07,兰州,-0.699999988079071,-0.3524671480665718,-0.3589463162481144
2025-07,包头,-0.6000000238418579,-0.5030206877452355,-0.5303252292595813
2025-07,北京,0.0,-0.5119180632281334,-0.4622948185574527
2025-07,北海,-0.6000000238418579,-0.5467186348140439,-0.5391861909913569
2025-07,南京,-0.5,-0.6755304507355513,-0.7510664941486678
2025-07,南充,-0.5,-0.5772810724643267,-0.584807780989909
2025-07,南宁,0.0,-0.12369066984189603,-0.12036619331380077
2025-07,南昌,-0.6000000238418579,-0.8135179002254056,-0.7864000916949526
2025-07,厦门,-0.6000000238418579,-0.5121920489762828,-0.5210949598760098
2025-07,合肥,-0.1000000014901161,-0.13956428927460823,-0.12292780334852957
2025-07,吉林,-0.5,-0.4341194011209014,-0.43697446370150583
2025-07,呼和浩特,-0.3000000119209289,-0.37154571900540667,-0.3290772608030567
2025-07,哈尔滨,-0.3000000119209289,-0.25843614949185284,-0.2652106291784542
2025-07,唐山,-0.4000000059604645,-0.630383758235984,-0.6562663307424225
2025-07,大理,-0.2000000029802322,-0.3728089188270465,-0.3908232076480579
2025-07,大连,0.0,-0.30756436857749525,-0.32837008599815876
2025-07,天津,-0.3000000119209289,-0.3028239531221174,-0.3043308611877153
2025-07,太原,-0.2000000029802322,-0.10615191558438615,-0.10216314742494437
2025-07,宁波,-0.6000000238418579,-0.04576021190293855,-0.02150008745802505
2025-07,安庆,-0.2000000029802322,-0.44637552509270084,-0.4428549305011257
2025-07,宜昌,0.2000000029802322,-0.2775720383857121,-0.22452365959692683
2025-07,岳阳,-0.2000000029802322,-0.5217378084130588,-0.5153999473257936
2025-07,常德,0.1000000014901161,-0.5062146057634745,-0.5136796937401549
2025-07,平顶山,-0.1000000014901161,-0.3542333719167451,-0.3646275014852883
2025-07,广州,-0.3000000119209289,-0.5992341568201224,-0.5920498744978935
2025-07,徐州,0.0,-0.6959442649005012,-0.724165681780313
2025-07,惠州,-0.2000000029802322,-0.39438003887898465,-0.3608132796625733
2025-07,成都,-0.2000000029802322,-0.26225618934944195,-0.27342518515997905
2025-07,扬州,-0.800000011920929,-0.44938405979347784,-0.45004738476480527
2025-07,无锡,-0.2000000029802322,-0.3173195880618486,-0.3470239470049591
2025-07,昆明,-0.2000000029802322,-0.6678570390265355,-0.7082889962152151
2025-07,杭州,-0.3000000119209289,0.09569959782947811,0.08084584949083518
2025-07,桂林,-0.5,-0.4506109359311721,-0.4308536487176991
2025-07,武汉,-0.699999988079071,-0.30745615742639615,-0.318114680969917
2025-07,沈阳,-0.2000000029802322,-0.14205084792037276,-0.13283656640119557
2025-07,泉州,-0.6000000238418579,-0.5325489858007295,-0.5340902001160488
2025-07,泸州,-0.4000000059604645,-0.48210162072477286,-0.4680374378886723
2025-07,洛阳,-0.3000000119209289,-0.3412987845253726,-0.31737637393733237
2025-07,济南,-0.3000000119209289,-0.31695171783704423,-0.28034791948524057
2025-07,济宁,-0.2000000029802322,-0.4491447348970149,-0.42080253904559073
2025-07,海口,-0.800000011920929,-0.5958849412550415,-0.6551690186384678
2025-07,深圳,-0.6000000238418579,-0.5329241997988015,-0.5524915083102622
2025-07,温州,-0.1000000014901161,-0.5080982202751866,-0.555273064595651
2025-07,湛江,-0.2000000029802322,-0.10881213914409514,-0.07297400575690406
2025-07,烟台,-0.3000000119209289,-0.6547544398369949,-0.6793024624396456
2025-07,牡丹江,-0.1000000014901161,-0.36344242683429623,-0.3423565641381328
2025-07,石家庄,-0.4000000059604645,-0.37893165148269586,-0.3540985195089596
2025-07,福州,-0.5,-0.4762118281264044,-0.47356965451857574
2025-07,秦皇岛,-0.5,-0.5855603287671389,-0.6130365038307711
2025-07,蚌埠,-0.3000000119209289,-0.37788153693026527,-0.36885886323524864
2025-07,襄阳,-0.699999988079071,-0.5390810076614876,-0.5470955855557222
2025-07,西宁,-0.3000000119209289,-0.3332964359107419,-0.32410157447589194
2025-07,西安,-0.3000000119209289,-0.5373520550328477,-0.5201312969695427
2025-07,贵阳,-0.5,-0.4670801220438088,-0.4432511760639385
2025-07,赣州,-0.4000000059604645,-0.37538555420064235,-0.38967980021537557
2025-07,遵义,-0.1000000014901161,-0.4320207320566605,-0.43177697814636073
2025-07,郑州,-0.6000000238418579,-0.5517729977699175,-0.5852338291458858
2025-07,重庆,-0.5,-0.44975966704865805,-0.48950928339957805
2025-07,金华,-0.3000000119209289,-0.4184394676477293,-0.3956558772096527
2025-07,银川,-0.5,-0.3262251414418177,-0.30653731198060047
2025-07,锦州,-0.3000000119209289,-0.3810682156251887,-0.35634843008687506
2025-07,长春,0.1000000014901161,-0.43153251506794527,-0.42921574815318514
2025-07,长沙,-0.4000000059604645,0.06299877357338442,0.07169125953594102
2025-07,青岛,-0.4000000059604645,-0.28856985463010754,-0.28807516178817133
2025-07,韶关,-0.1000000014901161,-0.40686083272505214,-0.37289855657012105
2025-08,三亚,-0.3000000119209289,-0.1426377903171836,-0.08774036328672852
2025-08,上海,0.4000000059604645,0.09068175755852836,0.11115903874976205
2025-08,丹东,-0.4000000059604645,-0.3860969690121012,-0.3524019415564309
2025-08,乌鲁木齐,0.1000000014901161,0.020030076972707433,0.049477823931494955
2025-08,九江,-0.2000000029802322,-0.30988505326548044,-0.32611617692720735
2025-08,兰州,-0.4000000059604645,-0.6002460137449882,-0.6224019893685911
2025-08,包头,-0.8999999761581421,-0.6201167660522557,-0.6235293510491584
2025-08,北京,-0.4000000059604645,-0.28305807962946505,-0.23909753074979656
2025-08,北海,-0.5,-0.5448677721751025,-0.5756874453629355
2025-08,南京,-0.6000000238418579,-0.5062800069316198,-0.5357605921633559
2025-08,南充,-0.3000000119209289,-0.5065548368797537,-0.5116793355178115
2025-08,南宁,0.3000000119209289,-0.22991035542710497,-0.20719816138029018
2025-08,南昌,-0.3000000119209289,-0.5454899921540248,-0.5650598450667369
2025-08,厦门,-0.5,-0.6023106329021756,-0.6087277265817883
2025-08,合肥,0.2000000029802322,-0.23233997354363395,-0.2194051727438084
2025-08,吉林,0.2000000029802322,-0.523730954719793,-0.5146479906252008
2025-08,呼和浩特,-0.2000000029802322,-0.4700257294519794,-0.429175745981379
2025-08,哈尔滨,-0.4000000059604645,-0.32568617180614057,-0.3539784127689508
2025-08,唐山,-0.6000000238418579,-0.5950809659598009,-0.5563684833606507
2025-08,大理,-0.6000000238418579,-0.3302014606183227,-0.334020118355046
2025-08,大连,-0.3000000119209289,-0.19045799105859124,-0.19343373035881575
2025-08,天津,-0.5,-0.40054116446481436,-0.3850124519030118
2025-08,太原,-0.3000000119209289,-0.27724166929616867,-0.26771363560797184
2025-08,宁波,-0.4000000059604645,-0.4634844957013523,-0.4993186115344659
2025-08,安庆,-0.2000000029802322,-0.42267158682756656,-0.39307637792259265
2025-08,宜昌,0.4000000059604645,-0.11427271362730382,-0.08632066133723096
2025-08,岳阳,-0.4000000059604645,-0.46488498196340744,-0.4262480262131236
2025-08,常德,-0.4000000059604645,-0.23301022941487354,-0.20794232908789276
2025-08,平顶山,0.0,-0.2649128465925097,-0.2545657978591251
2025-08,广州,-0.2000000029802322,-0.49898301885808405,-0.4735549798123827
2025-08,徐州,-0.2000000029802322,-0.348770126430281,-0.3135096786789707
2025-08,惠州,-0.8999999761581421,-0.4544261576778498,-0.4128763180083632
2025-08,成都,-0.2000000029802322,-0.30018209236725185,-0.27636719242637275
2025-08,扬州,-0.699999988079071,-0.47435831186318966,-0.5699266927645174
2025-08,无锡,-0.5,-0.4433502110434221,-0.4055906252938362
2025-08,昆明,-0.3000000119209289,-0.37329107138773804,-0.3733864316833288
2025-08,杭州,0.4000000059604645,-0.3192428961384307,-0.301338249310885
2025-08,桂林,-0.2000000029802322,-0.4727191116903985,-0.492726142282537
2025-08,武汉,-0.5,-0.5738689429614738,-0.6210003061062573
2025-08,沈阳,0.2000000029802322,-0.2850757829929561,-0.2865685478747083
2025-08,泉州,-0.3000000119209289,-0.5164116517333338,-0.5445664683657242
2025-08,泸州,-0.5,-0.47018859680631025,-0.4725610960281194
2025-08,洛阳,-0.4000000059604645,-0.4186732519547677,-0.4057176031225735
2025-08,济南,-0.6000000238418579,-0.34257542536014063,-0.3378370145301529
2025-08,济宁,-0.5,-0.4727338428915112,-0.42407952093995044
2025-08,海口,0.0,-0.6100040743312232,-0.6571623906246011
2025-08,深圳,-0.4000000059604645,-0.5387785911213365,-0.5683287869901983
2025-08,温州,-0.4000000059604645,-0.3246688168163755,-0.3146399489588335
2025-08,湛江,-0.6000000238418579,-0.4248986235513035,-0.38602572239465444
2025-08,烟台,-0.4000000059604645,-0.5198613502745808,-0.47664179484762015
2025-08,牡丹江,-0.2000000029802322,-0.3071414879077816,-0.27934976309811177
2025-08,石家庄,-0.5,-0.4669894733675426,-0.45622781513181915
2025-08,福州,0.0,-0.53907249653834,-0.5364570329249787
2025-08,秦皇岛,-0.4000000059604645,-0.5687973661726231,-0.5754147997360164
2025-08,蚌埠,-0.3000000119209289,-0.4366237348156202,-0.4175658622495347
2025-08,襄阳,0.0,-0.5846696668036868,-0.6248081630428338
2025-08,西宁,0.1000000014901161,-0.3972650923375275,-0.38288453116195587
2025-08,西安,-0.6000000238418579,-0.44335459032385366,-0.4092385068822768
2025-08,贵阳,-0.6000000238418579,-0.44216511983130213,-0.47121548742331765
2025-08,赣州,-0.5,-0.5142491696550922,-0.4919129127281548
2025-08,遵义,-0.5,-0.38687599817588403,-0.32768906364514094
2025-08,郑州,-0.4000000059604645,-0.652511268659023,-0.6438485584532891
2025-08,重庆,-0.699999988079071,-0.5082458893346735,-0.5092663464280942
2025-08,金华,-0.1000000014901161,-0.4591018717428943,-0.4383132513421913
2025-08,银川,-0.2000000029802322,-0.41281963289839607,-0.44264815285138864
2025-08,锦州,-0.2000000029802322,-0.4046177046975371,-0.39071731783544145
2025-08,长春,-0.2000000029802322,-0.2413514800662155,-0.19975934754312283
2025-08,长沙,-0.3000000119209289,-0.4689065629985804,-0.4386474022358317
2025-08,青岛,-0.3000000119209289,-0.44327595050657087,-0.4358783141573482
2025-08,韶关,-0.2000000029802322,-0.4386301880692925,-0.36928711542103515
2025-09,三亚,0.0,-0.4121946467333111,-0.362342312823293
2025-09,上海,0.3000000119209289,0.16406437333311327,0.19673974911271463
2025-09,丹东,-0.3000000119209289,-0.5264096792496769,-0.4788935829437773
2025-09,乌鲁木齐,-0.2000000029802322,-0.03180212831026398,-0.016208036150593724
2025-09,九江,-0.8999999761581421,-0.31468474742589525,-0.2909680448158349
2025-09,兰州,-0.3000000119209289,-0.565913492748598,-0.5183750194233568
2025-09,包头,-1.0,-0.7333438905711425,-0.75795544431522
2025-09,北京,0.2000000029802322,-0.4896734102941346,-0.45673820319779873
2025-09,北海,-0.699999988079071,-0.5005043425689248,-0.5067567593770708
2025-09,南京,-0.6000000238418579,-0.5324735513142331,-0.5554329465920678
2025-09,南充,-0.2000000029802322,-0.4127479328332865,-0.38695773251758026
2025-09,南宁,-0.5,-0.017519580790581572,0.019422517399264372
2025-09,南昌,-0.699999988079071,-0.43666840766684334,-0.41400156567679375
2025-09,厦门,-0.699999988079071,-0.5927156330540805,-0.5703372631882904
2025-09,合肥,0.0,-0.10618974018987024,-0.05736512121392897
2025-09,吉林,-0.5,-0.16117136845997762,-0.10037416126535093
2025-09,呼和浩特,-0.3000000119209289,-0.41490963229550637,-0.35756902395910056
2025-09,哈尔滨,-0.1000000014901161,-0.4576583635204408,-0.448215191201551
2025-09,唐山,-0.5,-0.5557096624394544,-0.5633788654549893
2025-09,大理,-0.5,-0.46451883787845044,-0.5062736219393468
2025-09,大连,-0.4000000059604645,-0.38514969934324883,-0.3750301190439137
2025-09,天津,-0.6000000238418579,-0.34963945351337045,-0.3902893334962704
2025-09,太原,-0.1000000014901161,-0.2962200836764056,-0.2936249752375358
2025-09,宁波,-0.699999988079071,-0.478075718647412,-0.4566847066331297
2025-09,安庆,-0.5,-0.4429803554733229,-0.39185620086238865
2025-09,宜昌,-0.1000000014901161,0.05996235885507581,0.09466417242725475
2025-09,岳阳,-0.5,-0.489819805665328,-0.4730376916837134
2025-09,常德,-0.6000000238418579,-0.49637152104427446,-0.479966745361285
2025-09,平顶山,-0.2000000029802322,-0.1799987954441324,-0.15998979021543758
2025-09,广州,-0.6000000238418579,-0.42567397592789413,-0.38717338990000977
2025-09,徐州,-0.6000000238418579,-0.36737308618077036,-0.33324115507376967
2025-09,惠州,0.1000000014901161,-0.6870149054360457,-0.722974016652231
2025-09,成都,-0.6000000238418579,-0.27661968395408615,-0.2523991084938848
2025-09,扬州,-0.699999988079071,-0.514582705787997,-0.5625863786389979
2025-09,无锡,-0.3000000119209289,-0.4408370288064941,-0.45201575972897573
2025-09,昆明,-0.5,-0.44145487241669856,-0.41798065950910485
2025-09,杭州,0.3000000119209289,0.1013848483829513,0.1556336638189289
2025-09,桂林,-0.4000000059604645,-0.36440567144350444,-0.3372406867495647
2025-09,武汉,-0.4000000059604645,-0.537177602480409,-0.5347515020837107
2025-09,沈阳,-0.3000000119209289,-0.1414479553974661,-0.08261126641757971
2025-09,泉州,-0.2000000029802322,-0.3098339913241652,-0.33370655896648516
2025-09,泸州,-0.6000000238418579,-0.545721272106855,-0.5373286338723918
2025-09,洛阳,-0.3000000119209289,-0.5067422217797546,-0.47524749972492325
2025-09,济南,-0.4000000059604645,-0.4781849098337161,-0.49206309595827447
2025-09,济宁,-0.3000000119209289,-0.5646090907599592,-0.5382081122996427
2025-09,海口,-1.0,-0.2126634198795206,-0.1960917983220869
2025-09,深圳,-1.0,-0.5015754554300956,-0.4862190447674464
2025-09,温州,-0.800000011920929,-0.42443113838945856,-0.4349620137138922
2025-09,湛江,-0.2000000029802322,-0.5460919310025363,-0.5495196169875474
2025-09,烟台,-0.2000000029802322,-0.4884197504711675,-0.4669553946665549
2025-09,牡丹江,-0.3000000119209289,-0.35455123029689617,-0.31582725417412866
2025-09,石家庄,-0.6000000238418579,-0.4722632226579529,-0.4709865370694267
2025-09,福州,-0.4000000059604645,-0.2314188047003593,-0.20586408603144699
2025-09,秦皇岛,-0.3000000119209289,-0.5426206138414051,-0.514816337701737
2025-09,蚌埠,-0.1000000014901161,-0.4887233310090934,-0.4362392195151555
2025-09,襄阳,-0.699999988079071,-0.22934827896214202,-0.2107821171240497
2025-09,西宁,-0.3000000119209289,-0.26239151352496476,-0.18638450443233942
2025-09,西安,-0.8999999761581421,-0.535711772812788,-0.530315539750733
2025-09,贵阳,-0.4000000059604645,-0.5000883488874326,-0.5189266972436121
2025-09,赣州,-1.0,-0.5840950718744906,-0.5505490483504781
2025-09,遵义,-0.4000000059604645,-0.3842594013127235,-0.40308341110784146
2025-09,郑州,-0.6000000238418579,-0.5203587787105872,-0.4983847439453163
2025-09,重庆,-0.4000000059604645,-0.45206365548608884,-0.5152237205028047
2025-09,金华,-0.3000000119209289,-0.342659323100972,-0.2994559090540016
2025-09,银川,-0.6000000238418579,-0.3020252180377862,-0.28059106009849477
2025-09,锦州,-0.1000000014901161,-0.3528454975844612,-0.31624846616344704
2025-09,长春,0.1000000014901161,-0.26283039602499203,-0.2549301451981904
2025-09,长沙,-0.4000000059604645,-0.40001578965113227,-0.3626564633260748
2025-09,青岛,-0.5,-0.43107993165150277,-0.3970725737141704
2025-09,韶关,-0.1000000014901161,-0.34645849829077646,-0.31576867071320025
2025-10,三亚,-0.5,-0.2730409937536653,-0.20890824102587432
2025-10,上海,0.3000000119209289,0.08530101116137463,0.13071552279629847
2025-10,丹东,-0.1000000014901161,-0.42141620002048846,-0.38979446908046234
2025-10,乌鲁木齐,0.2000000029802322,-0.22424344381960865,-0.21866228733142046
2025-10,九江,-0.8999999761581421,-0.6729298969248898,-0.7199038241952773
2025-10,兰州,-0.2000000029802322,-0.50253990547741,-0.4548492486232705
2025-10,包头,-0.699999988079071,-0.7728856508914483,-0.8204415983118405
2025-10,北京,-0.1000000014901161,-0.2337871185094565,-0.13567413340067472
2025-10,北海,-0.4000000059604645,-0.5406893909866499,-0.5780444779454237
2025-10,南京,-0.699999988079071,-0.5988898597113987,-0.5977982067946563
2025-10,南充,-0.2000000029802322,-0.3865403374819965,-0.3435866339579898
2025-10,南宁,-0.6000000238418579,-0.46767827073624785,-0.47015083332384316
2025-10,南昌,-0.4000000059604645,-0.5273860230702476,-0.5664298052198049
2025-10,厦门,-0.4000000059604645,-0.6501796320844376,-0.6608684099915387
2025-10,合肥,0.1000000014901161,-0.16796916647153715,-0.1311408097154641
2025-10,吉林,-0.3000000119209289,-0.44042454934649067,-0.4491201518801966
2025-10,呼和浩特,-0.1000000014901161,-0.4005916514454223,-0.3743255890353009
2025-10,哈尔滨,-0.3000000119209289,-0.33665218537663144,-0.28228883330018617
2025-10,唐山,-0.699999988079071,-0.5888256828639377,-0.5653794048945928
2025-10,大理,-0.4000000059604645,-0.5219498573946696,-0.5134480323332359
2025-10,大连,-0.1000000014901161,-0.4153667382234665,-0.4104769527510186
2025-10,天津,-0.699999988079071,-0.42142551968680503,-0.46284410362678535
2025-10,太原,-0.4000000059604645,-0.23688419958290446,-0.20776094107643864
2025-10,宁波,-0.4000000059604645,-0.6186467120096146,-0.6322691748368849
2025-10,安庆,-0.3000000119209289,-0.5415865951944866,-0.527318277909992
2025-10,宜昌,-0.2000000029802322,-0.2483494324387372,-0.21283498736014506
2025-10,岳阳,-0.6000000238418579,-0.5493630761112183,-0.5360873789969258
2025-10,常德,-0.699999988079071,-0.5953051781404273,-0.5931572460799508
2025-10,平顶山,-0.1000000014901161,-0.2839836953294218,-0.2669597609622338
2025-10,广州,-0.800000011920929,-0.5769982388316002,-0.5785998734794092
2025-10,徐州,-0.8999999761581421,-0.5337480850409098,-0.5465048399705564
2025-10,惠州,-0.8999999761581421,-0.2746823779138764,-0.1953790291940864
2025-10,成都,-1.0,-0.4140720981764481,-0.45062855580475103
2025-10,扬州,-0.6000000238418579,-0.5717802495776695,-0.6031496656437488
2025-10,无锡,-0.6000000238418579,-0.4308814197158619,-0.39788296045299687
2025-10,昆明,-0.8999999761581421,-0.5224481990178119,-0.5168637236100962
2025-10,杭州,0.1000000014901161,0.05440838161134634,0.10458153117330779
2025-10,桂林,-0.5,-0.4481958018236129,-0.43746163519080716
2025-10,武汉,-0.6000000238418579,-0.5399892389196219,-0.5066064182520911
2025-10,沈阳,0.2000000029802322,-0.3989044501313501,-0.3722213366133663
2025-10,泉州,-0.4000000059604645,-0.3169358811502886,-0.29421068033291653
2025-10,泸州,-0.6000000238418579,-0.6238715595565435,-0.6151329514074753
2025-10,洛阳,-0.4000000059604645,-0.4380196211536734,-0.4037243297677969
2025-10,济南,-0.699999988079071,-0.5115294274045221,-0.4800426168061925
2025-10,济宁,-0.3000000119209289,-0.5124383434684052,-0.46070956414892184
2025-10,海口,-0.3000000119209289,-0.5899378941896689,-0.6798561797929559
2025-10,深圳,-0.699999988079071,-0.7129669177211319,-0.7742395566712319
2025-10,温州,-0.699999988079071,-0.6038273918484132,-0.6488187839511226
2025-10,湛江,-1.0,-0.45842364495612403,-0.39892505466928707
2025-10,烟台,-0.4000000059604645,-0.3788026947039329,-0.3377220424086423
2025-10,牡丹江,-0.3000000119209289,-0.36798974662325723,-0.35054010479842107
2025-10,石家庄,-0.5,-0.5446991782858713,-0.5526636968442393
2025-10,福州,-0.6000000238418579,-0.37950924033552036,-0.3871203343983315
2025-10,秦皇岛,-0.2000000029802322,-0.5241176211383469,-0.47045544084107177
2025-10,蚌埠,-0.4000000059604645,-0.3745006830315637,-0.3092310769183369
2025-10,襄阳,-0.800000011920929,-0.5197700560025741,-0.5578327211949063
2025-10,西宁,-0.6000000238418579,-0.39856102472654836,-0.37174732692291945
2025-10,西安,-0.800000011920929,-0.7256863811249525,-0.753932096994986
2025-10,贵阳,-0.6000000238418579,-0.4889712141295825,-0.4656419209450937
2025-10,赣州,-0.2000000029802322,-0.8023185553005364,-0.839970243476303
2025-10,遵义,-0.6000000238418579,-0.3912931992382318,-0.39283443784907446
2025-10,郑州,-0.800000011920929,-0.5746975504560462,-0.5794872742859634
2025-10,重庆,-0.6000000238418579,-0.4652009523182913,-0.4494246640900849
2025-10,金华,-0.800000011920929,-0.4444586158856764,-0.41083504901347423
2025-10,银川,-0.4000000059604645,-0.48149755116697746,-0.5051154059989853
2025-10,锦州,-0.4000000059604645,-0.3571592578105729,-0.2955149764275506
2025-10,长春,-0.3000000119209289,-0.21179600284913924,-0.14131102294791603
2025-10,长沙,-0.6000000238418579,-0.4428157739035687,-0.4292876920508327
2025-10,青岛,-0.4000000059604645,-0.49587176121986826,-0.4922060192893455
2025-10,韶关,0.2000000029802322,-0.3414127096434756,-0.28654942251845616
2025-11,三亚,-0.5,-0.4428869189026632,-0.4524147415437099
2025-11,上海,0.1000000014901161,0.15084170343060477,0.1812756415103861
2025-11,丹东,-0.3000000119209289,-0.24882983099539963,-0.2163998097202789
2025-11,乌鲁木齐,-0.1000000014901161,0.01273399290018,0.051005490945754704
2025-11,九江,-0.699999988079071,-0.6049278078491895,-0.6699049204680472
2025-11,兰州,-0.3000000119209289,-0.3447515681621698,-0.3121114892729988
2025-11,包头,-0.6000000238418579,-0.6257536522449968,-0.6414788203807564
2025-11,北京,-0.5,-0.26823601585128626,-0.23173341597435448
2025-11,北海,-0.8999999761581421,-0.43079733088158007,-0.4250960429831895
2025-11,南京,0.2000000029802322,-0.5261874995779241,-0.564288295959997
2025-11,南充,-0.4000000059604645,-0.29868633233091285,-0.2747409113046413
2025-11,南宁,-0.699999988079071,-0.4771111349670254,-0.5008968884158408
2025-11,南昌,-0.3000000119209289,-0.5017497049285415,-0.47581379735704304
2025-11,厦门,-0.3000000119209289,-0.5181555062819136,-0.49047932530305216
2025-11,合肥,0.3000000119209289,-0.10937469703497599,-0.06465565085178947
2025-11,吉林,-0.4000000059604645,-0.3743632738358632,-0.3553032988937309
2025-11,呼和浩特,-0.2000000029802322,-0.272760489696501,-0.23409264781955064
2025-11,哈尔滨,-0.4000000059604645,-0.30878153479014453,-0.30712228596005337
2025-11,唐山,-0.6000000238418579,-0.5556852480816072,-0.5855666083845854
2025-11,大理,-0.6000000238418579,-0.4393273623210209,-0.42889233355573425
2025-11,大连,0.0,-0.3463600368195801,-0.29028886919452657
2025-11,天津,-0.4000000059604645,-0.5059026497905496,-0.5472636094471099
2025-11,太原,-0.699999988079071,-0.28563350720549163,-0.30836776057956017
2025-11,宁波,-0.1000000014901161,-0.4776982358705103,-0.4580505167607247
2025-11,安庆,0.0,-0.41675464048783417,-0.38947860849811566
2025-11,宜昌,-0.2000000029802322,-0.2715610813117903,-0.25351481340104054
2025-11,岳阳,-0.5,-0.5340939692688751,-0.5475339447430445
2025-11,常德,-0.800000011920929,-0.6266029761739071,-0.6399480852224262
2025-11,平顶山,-0.1000000014901161,-0.2601813637206945,-0.22381864736732
2025-11,广州,-0.5,-0.7017444687376744,-0.7191729564806255
2025-11,徐州,-0.800000011920929,-0.7412679043715091,-0.7707796944029276
2025-11,惠州,-0.800000011920929,-0.5704082041835316,-0.6407875662352225
2025-11,成都,-0.699999988079071,-0.5817549318680411,-0.6675424526985755
2025-11,扬州,0.1000000014901161,-0.576186674093762,-0.5801840774153185
2025-11,无锡,-1.0,-0.49786162363257697,-0.5162861935333038
2025-11,昆明,-0.8999999761581421,-0.6590814626828234,-0.7084130785675846
2025-11,杭州,-0.2000000029802322,0.02282795044083433,0.0382327851918929
2025-11,桂林,-0.800000011920929,-0.4373412421278856,-0.4496223041003122
2025-11,武汉,-0.5,-0.5236656184308408,-0.54039188866958
2025-11,沈阳,0.1000000014901161,-0.04027509351936468,0.010160047794902205
2025-11,泉州,-0.3000000119209289,-0.38443671261404766,-0.3872910797064092
2025-11,泸州,-0.699999988079071,-0.6173071748486738,-0.6104332944162807
2025-11,洛阳,-0.6000000238418579,-0.48242451909078055,-0.46118596777541054
2025-11,济南,-0.4000000059604645,-0.5265733764734627,-0.5596928740425942
2025-11,济宁,-0.699999988079071,-0.3895188354026472,-0.3675375142014878
2025-11,海口,-0.699999988079071,-0.387974969958715,-0.3664941861100239
2025-11,深圳,-0.8999999761581421,-0.6348692396917077,-0.6466928706373756
2025-11,温州,-0.5,-0.6286228424827119,-0.6442034522525152
2025-11,湛江,-0.4000000059604645,-0.6721063879740036,-0.7415730795481643
2025-11,烟台,-0.6000000238418579,-0.41147293748366187,-0.40825487088750095
2025-11,牡丹江,-0.2000000029802322,-0.30583832894908547,-0.30303303749230737
2025-11,石家庄,-0.5,-0.44997931288777215,-0.45845983249894123
2025-11,福州,-0.6000000238418579,-0.4834699149976834,-0.5079718155876918
2025-11,秦皇岛,-0.4000000059604645,-0.41327256599452056,-0.36376965899515684
2025-11,蚌埠,-0.1000000014901161,-0.4088596121253668,-0.40266919783113264
2025-11,襄阳,0.3000000119209289,-0.6132111928478476,-0.6517424565484982
2025-11,西宁,-0.5,-0.43768482003418807,-0.4710273397838285
2025-11,西安,-0.4000000059604645,-0.6456627660110196,-0.6731388522872518
2025-11,贵阳,0.2000000029802322,-0.4269417620184971,-0.4640520404521276
2025-11,赣州,-0.3000000119209289,-0.36844946004803325,-0.33252900632637106
2025-11,遵义,-0.3000000119209289,-0.4627429120522168,-0.49081494366780304
2025-11,郑州,-0.6000000238418579,-0.6476809160448334,-0.6786808289958954
2025-11,重庆,0.1000000014901161,-0.4934338417424532,-0.514289166574718
2025-11,金华,-0.4000000059604645,-0.6270515821954605,-0.6613618371000267
2025-11,银川,0.0,-0.42664813282661657,-0.41757653152419916
2025-11,锦州,-0.1000000014901161,-0.3020950263427656,-0.32213278930531963
2025-11,长春,-0.4000000059604645,-0.39268320884597063,-0.3693155136189542
2025-11,长沙,-0.800000011920929,-0.4671701872020383,-0.49458979484434656
2025-11,青岛,-0.2000000029802322,-0.44985191673550107,-0.43462388335124047
2025-11,韶关,-0.1000000014901161,-0.10534105065796892,-0.04102408450243184
2025-12,三亚,0.1000000014901161,-0.45137506053721277,-0.4620318694655031
2025-12,上海,0.2000000029802322,0.05847226639987348,0.06653308714028995
2025-12,丹东,0.0,-0.22586249592927027,-0.2401783114396594
2025-12,乌鲁木齐,-0.2000000029802322,-0.06283901601354437,-0.0705930647111871
2025-12,九江,-0.2000000029802322,-0.5204779155203423,-0.5570499383486986
2025-12,兰州,-0.800000011920929,-0.3539850376690633,-0.3436022540866542
2025-12,包头,-1.0,-0.5140789186824154,-0.5323342505849538
2025-12,北京,-0.4000000059604645,-0.4614752212791837,-0.4708731913361681
2025-12,北海,-0.699999988079071,-0.5058400222403643,-0.5877717325555792
2025-12,南京,0.0,-0.1476761022738866,-0.07604540664939535
2025-12,南充,-0.5,-0.4036739220059262,-0.40275050328353246
2025-12,南宁,-0.2000000029802322,-0.5146667376286106,-0.5531255966384077
2025-12,南昌,-0.4000000059604645,-0.3872241719254591,-0.37032303190508153
2025-12,厦门,-0.5,-0.42649736087603873,-0.3999634492474734
2025-12,合肥,0.0,0.05058156024560066,0.10141972843311578
2025-12,吉林,0.1000000014901161,-0.4047183080466637,-0.40469273385256715
2025-12,呼和浩特,-0.5,-0.23808113672779302,-0.2303359194542177
2025-12,哈尔滨,-0.5,-0.35136907864187283,-0.3603971635414923
2025-12,唐山,-0.699999988079071,-0.4765399212071124,-0.5018198901954436
2025-12,大理,-0.2000000029802322,-0.4209934610622112,-0.45833367694293964
2025-12,大连,-0.2000000029802322,-0.1613408636300428,-0.12748339556787136
2025-12,天津,-0.6000000238418579,-0.3526905538565065,-0.36256627599203084
2025-12,太原,-0.2000000029802322,-0.4297716026679912,-0.48556768870478706
2025-12,宁波,-0.1000000014901161,-0.22262840106230836,-0.19653579853890327
2025-12,安庆,-0.2000000029802322,-0.18671021965153684,-0.1495394373584866
2025-12,宜昌,0.1000000014901161,-0.22731929244751126,-0.22196338526235454
2025-12,岳阳,-0.3000000119209289,-0.512146809878145,-0.5099004540006897
2025-12,常德,-0.6000000238418579,-0.5816941853702271,-0.6271777658110105
2025-12,平顶山,-0.5,-0.18229294996248807,-0.1655938448025383
2025-12,广州,-0.6000000238418579,-0.5561088945824574,-0.5439842423834429
2025-12,徐州,-0.4000000059604645,-0.6995151447067263,-0.7202055324977192
2025-12,惠州,-0.5,-0.46903114249832123,-0.5380793139688016
2025-12,成都,-0.699999988079071,-0.5565686872690649,-0.5859893825240847
2025-12,扬州,0.0,-0.1457096968747371,-0.09282186418895087
2025-12,无锡,-0.2000000029802322,-0.5770619804053588,-0.6641362662130676
2025-12,昆明,-0.6000000238418579,-0.6932657162866755,-0.7371744201906578
2025-12,杭州,-0.3000000119209289,-0.19451498002628476,-0.1959800956990313
2025-12,桂林,-0.800000011920929,-0.5015219724888333,-0.5628276659974222
2025-12,武汉,0.0,-0.4788924403693512,-0.4831548125305241
2025-12,沈阳,-0.3000000119209289,-0.03434825457267929,-0.00728980961427245
2025-12,泉州,-0.4000000059604645,-0.3764983178729233,-0.36170656694491365
2025-12,泸州,-0.8999999761581421,-0.5790966521711803,-0.6041570357380315
2025-12,洛阳,-0.699999988079071,-0.44812818232738816,-0.47974127834272
2025-12,济南,-0.2000000029802322,-0.3644199332036368,-0.3718345319294143
2025-12,济宁,-0.6000000238418579,-0.4893712707105198,-0.5329594695485791
2025-12,海口,-0.6000000238418579,-0.4542396670689831,-0.5052571467963396
2025-12,深圳,-0.5,-0.6338373949060062,-0.6896374155622516
2025-12,温州,-0.3000000119209289,-0.5383466654262892,-0.530686456914846
2025-12,湛江,-0.800000011920929,-0.40959511602610876,-0.4064557983780882
2025-12,烟台,-0.3000000119209289,-0.5482940114641207,-0.5595295454603038
2025-12,牡丹江,0.0,-0.2345879971815499,-0.227290720263267
2025-12,石家庄,-0.2000000029802322,-0.3727723853242031,-0.39917064999467683
2025-12,福州,-0.800000011920929,-0.4764528773204644,-0.5020169532292943
2025-12,秦皇岛,-0.6000000238418579,-0.4238026577617463,-0.41889549795377423
2025-12,蚌埠,-0.3000000119209289,-0.19587502355332853,-0.17544166364672592
2025-12,襄阳,-0.4000000059604645,-0.008116729730291629,0.05671693333240059
2025-12,西宁,-0.3000000119209289,-0.41513940202767985,-0.43270318701631644
2025-12,西安,-0.5,-0.4208220454868071,-0.4163192370774887
2025-12,贵阳,-0.3000000119209289,-0.055801194057238115,-0.002811285399441067
2025-12,赣州,-0.699999988079071,-0.33176720455868036,-0.32601300579699777
2025-12,遵义,-0.2000000029802322,-0.3256685355372677,-0.32063055193662754
2025-12,郑州,-0.8999999761581421,-0.5280163378712275,-0.542953881423306
2025-12,重庆,-0.3000000119209289,-0.1427507594766228,-0.09281789855582534
2025-12,金华,-0.699999988079071,-0.4748485481620497,-0.4595718006605909
2025-12,银川,-0.2000000029802322,-0.1839653911432568,-0.14534122458113558
2025-12,锦州,-0.2000000029802322,-0.20344458128274692,-0.18185554351977598
2025-12,长春,0.2000000029802322,-0.3147394080703377,-0.33215041652235144
2025-12,长沙,-0.4000000059604645,-0.49383628749316916,-0.5572753483513097
2025-12,青岛,-0.5,-0.30881174447078347,-0.28635862065560824
2025-12,韶关,0.1000000014901161,-0.1446790578478337,-0.13480444699774471
2026-01,三亚,0.0,-0.1462633043722407,-0.09123865063429269
2026-01,上海,0.0,0.10120598301287326,0.12359815026027265
2026-01,丹东,-0.2000000029802322,-0.16717616012166842,-0.12942782752903254
2026-01,乌鲁木齐,-0.4000000059604645,-0.15309058771673406,-0.1634715681296864
2026-01,九江,-0.3000000119209289,-0.3460230747272073,-0.3125046476316774
2026-01,兰州,-0.5,-0.6237448609806506,-0.6658919885520926
2026-01,包头,-0.6000000238418579,-0.6172675254426612,-0.704259582777893
2026-01,北京,-0.3000000119209289,-0.43710160569291634,-0.4313012947072735
2026-01,北海,-0.3000000119209289,-0.51864680474273,-0.5584938901913872
2026-01,南京,-0.4000000059604645,-0.15244527208891123,-0.11848863246477781
2026-01,南充,0.1000000014901161,-0.46594497897042364,-0.4751727761252984
2026-01,南宁,-0.800000011920929,-0.29377458944335166,-0.2723328058087571
2026-01,南昌,-0.5,-0.36471789547196953,-0.3748188110766578
2026-01,厦门,0.1000000014901161,-0.5026951018896104,-0.5031690626667747
2026-01,合肥,0.1000000014901161,-0.04612248123036339,-0.03502157967658315
2026-01,吉林,-0.1000000014901161,-0.14799783231822855,-0.09262797509923237
2026-01,呼和浩特,-0.699999988079071,-0.3880211257343864,-0.41423156585459897
2026-01,哈尔滨,-0.1000000014901161,-0.4295866602693958,-0.4462808246116325
2026-01,唐山,-0.4000000059604645,-0.48510328383349544,-0.5337533177427369
2026-01,大理,0.0,-0.33274828484458324,-0.3027409439793043
2026-01,大连,0.2000000029802322,-0.24792641784430963,-0.23646915379288727
2026-01,天津,-0.800000011920929,-0.4178469116364676,-0.45902548998473797
2026-01,太原,-0.1000000014901161,-0.24847629982377722,-0.23779333815786322
2026-01,宁波,-0.2000000029802322,-0.277353376924827,-0.23913632118817915
2026-01,安庆,-0.3000000119209289,-0.226882939814934,-0.22082730365703152
2026-01,宜昌,-0.5,-0.060319822595607794,-0.022500421799745072
2026-01,岳阳,-0.4000000059604645,-0.39164097882113186,-0.3698673562546443
2026-01,常德,-0.5,-0.45835963996800455,-0.4880688248198224
2026-01,平顶山,-0.3000000119209289,-0.35734491462290857,-0.3896135156397236
2026-01,广州,-0.6000000238418579,-0.5240737872713599,-0.5413705408199121
2026-01,徐州,-0.8999999761581421,-0.44148027286730374,-0.43126000190555047
2026-01,惠州,-0.3000000119209289,-0.4065649522137714,-0.42792460019511247
2026-01,成都,-0.6000000238418579,-0.4904636005005813,-0.5381083007773508
2026-01,扬州,-0.4000000059604645,-0.2020889293405267,-0.15595039941702377
2026-01,无锡,-0.2000000029802322,-0.2842093380847294,-0.2643187607357193
2026-01,昆明,-0.3000000119209289,-0.5125309272267455,-0.5311394446182809
2026-01,杭州,-0.3000000119209289,-0.2549541391932377,-0.26756963004816775
2026-01,桂林,-0.6000000238418579,-0.5814356314577268,-0.6306672539663869
2026-01,武汉,0.1000000014901161,-0.307265572599161,-0.23888062182184466
2026-01,沈阳,-0.2000000029802322,-0.25903415015609277,-0.26946457685700786
2026-01,泉州,-0.4000000059604645,-0.39991090219441716,-0.4024774082487492
2026-01,泸州,-0.699999988079071,-0.6602243690872456,-0.7151478269515128
2026-01,洛阳,-0.5,-0.49214672440734264,-0.5394818872895089
2026-01,济南,-0.4000000059604645,-0.3071277378973749,-0.2846794639900425
2026-01,济宁,-0.699999988079071,-0.4874991648695961,-0.5126407557966601
2026-01,海口,-0.1000000014901161,-0.4756858861760076,-0.5045872669812881
2026-01,深圳,-0.4000000059604645,-0.46175840002379653,-0.47078369891138727
2026-01,温州,-0.5,-0.41258083858241423,-0.3882077326807821
2026-01,湛江,-0.5,-0.5173611159541517,-0.5795562057531229
2026-01,烟台,-0.5,-0.3676820721167277,-0.35200540495043914
2026-01,牡丹江,-0.2000000029802322,-0.0937825980880409,-0.07160396728087462
2026-01,石家庄,-0.3000000119209289,-0.3023031640443568,-0.2798315375778862
2026-01,福州,-0.5,-0.5167097186540022,-0.5810963517382839
2026-01,秦皇岛,-0.5,-0.5131033670285952,-0.5328519147461037
2026-01,蚌埠,-0.5,-0.2712262004066305,-0.2773293973442358
2026-01,襄阳,-0.8999999761581421,-0.291565429017316,-0.3161772181960451
2026-01,西宁,-0.3000000119209289,-0.2952615500564505,-0.2964151969362105
2026-01,西安,-0.699999988079071,-0.4230503810682308,-0.44132002181624247
2026-01,贵阳,-0.4000000059604645,-0.2521747346528924,-0.26349362663360476
2026-01,赣州,-0.5,-0.5013979403906514,-0.5469167012640546
2026-01,遵义,-0.2000000029802322,-0.24986194671188927,-0.23943524445550318
2026-01,郑州,-0.4000000059604645,-0.5837231575052544,-0.6556843335366618
2026-01,重庆,-0.2000000029802322,-0.28031909094457486,-0.28580590868185274
2026-01,金华,-0.6000000238418579,-0.5190644609651822,-0.559853813221104
2026-01,银川,-0.3000000119209289,-0.27554079649981,-0.26003760815086907
2026-01,锦州,-0.4000000059604645,-0.20564551185466134,-0.20507910187241735
2026-01,长春,-0.4000000059604645,-0.0060885465148863265,0.04141866413232908
2026-01,长沙,-0.3000000119209289,-0.4098641993719995,-0.4084060785850711
2026-01,青岛,-0.6000000238418579,-0.4149772743865231,-0.4351906277468031
2026-01,韶关,-0.2000000029802322,-0.0787921340471344,-0.03770881132914759
