city,input_month,forecast_month,input_source_url,pred_ridge,pred_temporal_net,pred_residual_graph_net,selected_prediction_pct,pred_online_ensemble
三亚,2026-01,2026-02,https://www.stats.gov.cn/sj/zxfb/202602/t20260213_1962617.html,-0.1224016893609051,-0.12855645,-0.18348502,-0.1224016893609051,-0.13742887295583253
上海,2026-01,2026-02,https://www.stats.gov.cn/sj/zxfb/202602/t20260213_1962617.html,0.0873228720070968,0.051102784,0.043826178,0.0873228720070968,0.06056946764895211
丹东,2026-01,2026-02,https://www.stats.gov.cn/sj/zxfb/202602/t20260213_1962617.html,-0.1919157035580928,-0.22463001,-0.261648,-0.1919157035580928,-0.22222537858192887
乌鲁木齐,2026-01,2026-02,https://www.stats.gov.cn/sj/zxfb/202602/t20260213_1962617.html,-0.1947418646263738,-0.27709278,-0.3028871,-0.1947418646263738,-0.2582490087535764
九江,2026-01,2026-02,https://www.stats.gov.cn/sj/zxfb/202602/t20260213_1962617.html,-0.3653779487122304,-0.32143903,-0.3463471,-0.3653779487122304,-0.34315913719601077
兰州,2026-01,2026-02,https://www.stats.gov.cn/sj/zxfb/202602/t20260213_1962617.html,-0.4040274268987621,-0.4979821,-0.51020354,-0.4040274268987621,-0.467878113840544
包头,2026-01,2026-02,https://www.stats.gov.cn/sj/zxfb/202602/t20260213_1962617.html,-0.5366269295044448,-0.5140854,-0.530567,-0.5366269295044448,-0.5290142159338882
北京,2026-01,2026-02,https://www.stats.gov.cn/sj/zxfb/202602/t20260213_1962617.html,-0.2217587864975064,-0.26918876,-0.35074988,-0.2217587864975064,-0.27511527003373876
北海,2026-01,2026-02,https://www.stats.gov.cn/sj/zxfb/202602/t20260213_1962617.html,-0.4357700253761722,-0.33503556,-0.28098932,-0.4357700253761722,-0.3553596485612006
南京,2026-01,2026-02,https://www.stats.gov.cn/sj/zxfb/202602/t20260213_1962617.html,-0.2194310873873126,-0.32337126,-0.37262002,-0.2194310873873126,-0.3018139993431344
南充,2026-01,2026-02,https://www.stats.gov.cn/sj/zxfb/202602/t20260213_1962617.html,-0.1641221098451688,-0.124495864,-0.1500498,-0.1641221098451688,-0.1390074953366511
南宁,2026-01,2026-02,https://www.stats.gov.cn/sj/zxfb/202602/t20260213_1962617.html,-0.4490398977654765,-0.44071332,-0.38990796,-0.4490398977654765,-0.4403660230287182
南昌,2026-01,2026-02,https://www.stats.gov.cn/sj/zxfb/202602/t20260213_1962617.html,-0.3441157050288608,-0.4244831,-0.40898535,-0.3441157050288608,-0.3938813435813188
厦门,2026-01,2026-02,https://www.stats.gov.cn/sj/zxfb/202602/t20260213_1962617.html,-0.1850671469194424,-0.115209125,-0.19706692,-0.1850671469194424,-0.1558852946453363
合肥,2026-01,2026-02,https://www.stats.gov.cn/sj/zxfb/202602/t20260213_1962617.html,-0.0308309085147491,0.021105193,0.018618917,-0.0308309085147491,0.004219626343832526
吉林,2026-01,2026-02,https://www.stats.gov.cn/sj/zxfb/202602/t20260213_1962617.html,-0.1206077907491642,-0.11440871,-0.1681074,-0.1206077907491642,-0.13063518696290324
呼和浩特,2026-01,2026-02,https://www.stats.gov.cn/sj/zxfb/202602/t20260213_1962617.html,-0.367727482872851,-0.47710776,-0.47514582,-0.367727482872851,-0.44405961677428474
哈尔滨,2026-01,2026-02,https://www.stats.gov.cn/sj/zxfb/202602/t20260213_1962617.html,-0.2231435238658085,-0.20804621,-0.2249964,-0.2231435238658085,-0.21486599754444363
唐山,2026-01,2026-02,https://www.stats.gov.cn/sj/zxfb/202602/t20260213_1962617.html,-0.3907416714068217,-0.431924,-0.44320798,-0.3907416714068217,-0.41937732803358985
大理,2026-01,2026-02,https://www.stats.gov.cn/sj/zxfb/202602/t20260213_1962617.html,-0.2541885790796499,-0.22319192,-0.23342995,-0.2541885790796499,-0.23055201108205509
大连,2026-01,2026-02,https://www.stats.gov.cn/sj/zxfb/202602/t20260213_1962617.html,-0.1264206714137818,-0.063980676,-0.080428906,-0.1264206714137818,-0.08302927120905884
天津,2026-01,2026-02,https://www.stats.gov.cn/sj/zxfb/202602/t20260213_1962617.html,-0.420632875648168,-0.49158502,-0.48806345,-0.420632875648168,-0.4742603530017115
太原,2026-01,2026-02,https://www.stats.gov.cn/sj/zxfb/202602/t20260213_1962617.html,-0.1501799678559122,-0.100089096,-0.093583606,-0.1501799678559122,-0.11616985816359791
宁波,2026-01,2026-02,https://www.stats.gov.cn/sj/zxfb/202602/t20260213_1962617.html,-0.154308243094917,-0.28478536,-0.35113811,-0.154308243094917,-0.2537310187261644
安庆,2026-01,2026-02,https://www.stats.gov.cn/sj/zxfb/202602/t20260213_1962617.html,-0.2751227315294456,-0.2931098,-0.3156171,-0.2751227315294456,-0.29295500580956135
宜昌,2026-01,2026-02,https://www.stats.gov.cn/sj/zxfb/202602/t20260213_1962617.html,-0.2623782439733068,-0.2563517,-0.23354341,-0.2623782439733068,-0.25938170033150787
岳阳,2026-01,2026-02,https://www.stats.gov.cn/sj/zxfb/202602/t20260213_1962617.html,-0.4119484912823675,-0.41605663,-0.40162155,-0.4119484912823675,-0.4102515895536122
常德,2026-01,2026-02,https://www.stats.gov.cn/sj/zxfb/202602/t20260213_1962617.html,-0.484378008688846,-0.37761378,-0.4104259,-0.484378008688846,-0.4279652595869072
平顶山,2026-01,2026-02,https://www.stats.gov.cn/sj/zxfb/202602/t20260213_1962617.html,-0.2982623370606819,-0.31283972,-0.25773025,-0.2982623370606819,-0.2924668037728355
广州,2026-01,2026-02,https://www.stats.gov.cn/sj/zxfb/202602/t20260213_1962617.html,-0.4589994349041084,-0.46245012,-0.48149928,-0.4589994349041084,-0.4703028254223418
徐州,2026-01,2026-02,https://www.stats.gov.cn/sj/zxfb/202602/t20260213_1962617.html,-0.5699782544431773,-0.5693267,-0.5106726,-0.5699782544431773,-0.5633134626825866
惠州,2026-01,2026-02,https://www.stats.gov.cn/sj/zxfb/202602/t20260213_1962617.html,-0.3832763601976297,-0.32975718,-0.36211988,-0.3832763601976297,-0.35665213774177856
成都,2026-01,2026-02,https://www.stats.gov.cn/sj/zxfb/202602/t20260213_1962617.html,-0.3019456812775373,-0.3798294,-0.40965596,-0.3019456812775373,-0.36646040780710853
扬州,2026-01,2026-02,https://www.stats.gov.cn/sj/zxfb/202602/t20260213_1962617.html,-0.1828739585366535,-0.34246445,-0.37361574,-0.1828739585366535,-0.2956815436869782
无锡,2026-01,2026-02,https://www.stats.gov.cn/sj/zxfb/202602/t20260213_1962617.html,-0.2914996766177022,-0.20499617,-0.23120089,-0.2914996766177022,-0.2426910099739336
昆明,2026-01,2026-02,https://www.stats.gov.cn/sj/zxfb/202602/t20260213_1962617.html,-0.4049006282315264,-0.31977662,-0.32476136,-0.4049006282315264,-0.35085072362655323
杭州,2026-01,2026-02,https://www.stats.gov.cn/sj/zxfb/202602/t20260213_1962617.html,-0.0574019211207592,-0.17255573,-0.15141034,-0.0574019211207592,-0.1295472983195653
桂林,2026-01,2026-02,https://www.stats.gov.cn/sj/zxfb/202602/t20260213_1962617.html,-0.4574792373158439,-0.46460152,-0.4470309,-0.4574792373158439,-0.4612415984147848
武汉,2026-01,2026-02,https://www.stats.gov.cn/sj/zxfb/202602/t20260213_1962617.html,-0.1602913936568048,-0.13216792,-0.12561165,-0.1602913936568048,-0.1337323132373694
沈阳,2026-01,2026-02,https://www.stats.gov.cn/sj/zxfb/202602/t20260213_1962617.html,-0.1392180736674823,-0.15781765,-0.115271,-0.1392180736674823,-0.1409741195052414
泉州,2026-01,2026-02,https://www.stats.gov.cn/sj/zxfb/202602/t20260213_1962617.html,-0.2721289516691361,-0.30790678,-0.28112426,-0.2721289516691361,-0.2906225189812941
泸州,2026-01,2026-02,https://www.stats.gov.cn/sj/zxfb/202602/t20260213_1962617.html,-0.575649448765408,-0.60454345,-0.6082356,-0.575649448765408,-0.5979984041850945
洛阳,2026-01,2026-02,https://www.stats.gov.cn/sj/zxfb/202602/t20260213_1962617.html,-0.3923503687925529,-0.35773602,-0.33677325,-0.3923503687925529,-0.36851993681268636
济南,2026-01,2026-02,https://www.stats.gov.cn/sj/zxfb/202602/t20260213_1962617.html,-0.2154886011503638,-0.32208395,-0.38975593,-0.2154886011503638,-0.30457080025899114
济宁,2026-01,2026-02,https://www.stats.gov.cn/sj/zxfb/202602/t20260213_1962617.html,-0.450495026617294,-0.4716132,-0.43684658,-0.450495026617294,-0.4613259397766012
海口,2026-01,2026-02,https://www.stats.gov.cn/sj/zxfb/202602/t20260213_1962617.html,-0.2111422639905761,-0.17341228,-0.22140825,-0.2111422639905761,-0.19763169494624386
深圳,2026-01,2026-02,https://www.stats.gov.cn/sj/zxfb/202602/t20260213_1962617.html,-0.3652788956106069,-0.33086205,-0.32261345,-0.3652788956106069,-0.34288771554279907
温州,2026-01,2026-02,https://www.stats.gov.cn/sj/zxfb/202602/t20260213_1962617.html,-0.4402491416334103,-0.44358024,-0.4454812,-0.4402491416334103,-0.4445299252073698
湛江,2026-01,2026-02,https://www.stats.gov.cn/sj/zxfb/202602/t20260213_1962617.html,-0.395306125901718,-0.2814084,-0.26312122,-0.395306125901718,-0.3233336969434423
烟台,2026-01,2026-02,https://www.stats.gov.cn/sj/zxfb/202602/t20260213_1962617.html,-0.3344903290006233,-0.36863828,-0.33053967,-0.3344903290006233,-0.3500231075847527
牡丹江,2026-01,2026-02,https://www.stats.gov.cn/sj/zxfb/202602/t20260213_1962617.html,-0.1821375081210757,-0.17014152,-0.09930867,-0.1821375081210757,-0.15623147137346646
石家庄,2026-01,2026-02,https://www.stats.gov.cn/sj/zxfb/202602/t20260213_1962617.html,-0.2103112383930142,-0.27096984,-0.32603237,-0.2103112383930142,-0.2650127777863787
福州,2026-01,2026-02,https://www.stats.gov.cn/sj/zxfb/202602/t20260213_1962617.html,-0.3994145251045843,-0.30922803,-0.33380154,-0.3994145251045843,-0.35343244565608783
秦皇岛,2026-01,2026-02,https://www.stats.gov.cn/sj/zxfb/202602/t20260213_1962617.html,-0.4454799610210099,-0.5261282,-0.46896407,-0.4454799610210099,-0.48129953375378975
蚌埠,2026-01,2026-02,https://www.stats.gov.cn/sj/zxfb/202602/t20260213_1962617.html,-0.3397670575123364,-0.3328677,-0.3304851,-0.3397670575123364,-0.33949576689852
襄阳,2026-01,2026-02,https://www.stats.gov.cn/sj/zxfb/202602/t20260213_1962617.html,-0.4655439424987493,-0.54603803,-0.5030318,-0.4655439424987493,-0.5160142563557198
西宁,2026-01,2026-02,https://www.stats.gov.cn/sj/zxfb/202602/t20260213_1962617.html,-0.2822690502025933,-0.16720884,-0.16415493,-0.2822690502025933,-0.21117223580514233
西安,2026-01,2026-02,https://www.stats.gov.cn/sj/zxfb/202602/t20260213_1962617.html,-0.3701818244644996,-0.5465935,-0.54257035,-0.3701818244644996,-0.4871277591540966
贵阳,2026-01,2026-02,https://www.stats.gov.cn/sj/zxfb/202602/t20260213_1962617.html,-0.2524212884971756,-0.37461257,-0.3760489,-0.2524212884971756,-0.33223032430683186
赣州,2026-01,2026-02,https://www.stats.gov.cn/sj/zxfb/202602/t20260213_1962617.html,-0.3820713506764318,-0.437364,-0.4643828,-0.3820713506764318,-0.42674650719378304
遵义,2026-01,2026-02,https://www.stats.gov.cn/sj/zxfb/202602/t20260213_1962617.html,-0.177565551903172,-0.255192,-0.32365012,-0.177565551903172,-0.2443702161899936
郑州,2026-01,2026-02,https://www.stats.gov.cn/sj/zxfb/202602/t20260213_1962617.html,-0.4126188129676627,-0.39481053,-0.45531246,-0.4126188129676627,-0.41756287116842106
重庆,2026-01,2026-02,https://www.stats.gov.cn/sj/zxfb/202602/t20260213_1962617.html,-0.1918139489183985,-0.27442595,-0.29329586,-0.1918139489183985,-0.24794591472241467
金华,2026-01,2026-02,https://www.stats.gov.cn/sj/zxfb/202602/t20260213_1962617.html,-0.4520885767335606,-0.42389122,-0.4092367,-0.4520885767335606,-0.4350609467841094
银川,2026-01,2026-02,https://www.stats.gov.cn/sj/zxfb/202602/t20260213_1962617.html,-0.2027707620190426,-0.33173493,-0.37991795,-0.2027707620190426,-0.29786258841056035
锦州,2026-01,2026-02,https://www.stats.gov.cn/sj/zxfb/202602/t20260213_1962617.html,-0.2285995336141113,-0.24253626,-0.2517145,-0.2285995336141113,-0.24457603580879353
长春,2026-01,2026-02,https://www.stats.gov.cn/sj/zxfb/202602/t20260213_1962617.html,-0.2235357975062527,-0.2768633,-0.2673371,-0.2235357975062527,-0.258863927724719
长沙,2026-01,2026-02,https://www.stats.gov.cn/sj/zxfb/202602/t20260213_1962617.html,-0.2710759270212339,-0.29010627,-0.33849916,-0.2710759270212339,-0.29662475975190894
青岛,2026-01,2026-02,https://www.stats.gov.cn/sj/zxfb/202602/t20260213_1962617.html,-0.3624735965898075,-0.48372474,-0.51554674,-0.3624735965898075,-0.4524620431056742
韶关,2026-01,2026-02,https://www.stats.gov.cn/sj/zxfb/202602/t20260213_1962617.html,-0.2163779852550046,-0.2253579,-0.24583872,-0.2163779852550046,-0.22693631781884072
