month_index,pre_forecast_weight_ridge,pre_forecast_weight_temporal_net,pre_forecast_weight_residual_graph_net,pre_forecast_weight_last_month,past_risk_ridge_pp,past_risk_temporal_net_pp,past_risk_residual_graph_net_pp,past_risk_last_month_pp,released_month_mae_ridge_pp,released_month_mae_temporal_net_pp,released_month_mae_residual_graph_net_pp,released_month_mae_last_month_pp,forecast_month,past_risk_known_through,released_month_used_only_after_prediction
0,0.5007242530850203,0.22155400369098335,0.2702839094507322,0.007437833773263982,0.28852532678573045,0.30483311054096834,0.3008569794555862,0.37271484497726703,0.2024410329833287,0.20519141502944485,0.2030592068813608,0.22571428875838007,2025-01,2024-12,True
1,0.41450264647034757,0.2573984347781429,0.2998653963352452,0.028233522416264388,0.24548317988452956,0.2550122627852066,0.2519580931684735,0.29921456686782355,0.21522524848195423,0.24731516355781683,0.25317581850769266,0.27571429152573856,2025-02,2025-01,True
2,0.5746590245925663,0.20301947588922542,0.1892634162442678,0.03305808327394043,0.2303542141832419,0.2511637131715117,0.2525669558380831,0.28746442919678106,0.18854839979652294,0.24223311241450055,0.2337403823754617,0.26142857585634505,2025-03,2025-02,True
3,0.7248937776238248,0.1125806484971316,0.1344116390822335,0.02811393479681011,0.2094513069898824,0.24669841279300614,0.24315366910677239,0.27444650252656305,0.17818176540569172,0.19428873281659825,0.18707982963616296,0.212857145603214,2025-04,2025-03,True
4,0.591384070101275,0.15580634233508692,0.20386438889183306,0.048945198671805024,0.19381653619778705,0.2204935728048022,0.21511674937146769,0.24365182406488853,0.24201167181361702,0.23758668484764972,0.2342685490414234,0.2800000021500247,2025-05,2025-04,True
5,0.41716155128479,0.23916945535066758,0.29724190430395314,0.04642708906058927,0.21791410400570205,0.22904012882622596,0.22469264920644555,0.2618259131074566,0.2821917948982347,0.21569534367216484,0.2218889417392867,0.23857143031699315,2025-06,2025-05,True
6,0.10207792490862301,0.40748215953446126,0.3891030389859628,0.10133687657095278,0.2500529494519684,0.2223677362491954,0.22329079547286612,0.2501986717122249,0.23150069453812608,0.2029857560992241,0.2021143780222961,0.24142857609050614,2025-07,2025-06,True
7,0.10077403427644746,0.4107088285304882,0.4101785236079455,0.07833861358511895,0.24077682199504724,0.21267674617420973,0.2127025867475811,0.24581362390136552,0.2370627231181723,0.20421887928886073,0.21554593230996813,0.24571428948215077,2025-08,2025-07,True
8,0.10252473777407099,0.4704558436829272,0.35420638969810575,0.072813028844896,0.2389197725566098,0.20844781273153523,0.21412425952877462,0.24576395669175816,0.20245291650321623,0.2206006302631327,0.22029606018747602,0.2757142883326326,2025-09,2025-08,True
9,0.27132236895688533,0.36922780781347103,0.3228271048661558,0.03662271836348795,0.220686344529913,0.21452422149733397,0.2172101598581253,0.2607391225121954,0.2027335774098287,0.19929066907082285,0.20311779028603008,0.23857142765607153,2025-10,2025-09,True
10,0.28557128932915354,0.36307792554268425,0.30852133332669057,0.04282945180147154,0.21170996096987085,0.2069074452840784,0.21016397507207768,0.24965527508413346,0.21491415982094078,0.21710637291627272,0.21935739951441063,0.24714285635522434,2025-11,2025-10,True
11,0.31539939295052144,0.3366680111221858,0.2933623120305959,0.05457028389669686,0.21331206039540582,0.21200690910017556,0.21476068729324416,0.2483990657196789,0.20994435886596838,0.21065376148160014,0.21351990667837006,0.268571425229311,2025-12,2025-11,True
12,0.33411045026469705,0.33912383807059615,0.29467329261604464,0.03209241904866213,0.2116282096306871,0.21133033529088785,0.2141402969858071,0.2584852454744949,0.16769564650398022,0.16908556167036295,0.17642051101263082,0.22142856898052352,2026-01,2025-12,True
