city,input_month,forecast_month,input_source_url,pred_ridge,pred_temporal_net,pred_residual_graph_net,selected_prediction_pct
三亚,2026-01,2026-02,https://www.stats.gov.cn/sj/zxfb/202602/t20260213_1962617.html,-0.12240168936090515,-0.12855645,-0.18348502,-0.12240168936090515
上海,2026-01,2026-02,https://www.stats.gov.cn/sj/zxfb/202602/t20260213_1962617.html,0.08732287200709682,0.051102784,0.043826178,0.08732287200709682
丹东,2026-01,2026-02,https://www.stats.gov.cn/sj/zxfb/202602/t20260213_1962617.html,-0.19191570355809287,-0.22463001,-0.261648,-0.19191570355809287
乌鲁木齐,2026-01,2026-02,https://www.stats.gov.cn/sj/zxfb/202602/t20260213_1962617.html,-0.1947418646263738,-0.27709278,-0.3028871,-0.1947418646263738
九江,2026-01,2026-02,https://www.stats.gov.cn/sj/zxfb/202602/t20260213_1962617.html,-0.3653779487122304,-0.32143903,-0.3463471,-0.3653779487122304
兰州,2026-01,2026-02,https://www.stats.gov.cn/sj/zxfb/202602/t20260213_1962617.html,-0.40402742689876214,-0.4979821,-0.51020354,-0.40402742689876214
包头,2026-01,2026-02,https://www.stats.gov.cn/sj/zxfb/202602/t20260213_1962617.html,-0.5366269295044448,-0.5140854,-0.530567,-0.5366269295044448
北京,2026-01,2026-02,https://www.stats.gov.cn/sj/zxfb/202602/t20260213_1962617.html,-0.2217587864975064,-0.26918876,-0.35074988,-0.2217587864975064
北海,2026-01,2026-02,https://www.stats.gov.cn/sj/zxfb/202602/t20260213_1962617.html,-0.4357700253761722,-0.33503556,-0.28098932,-0.4357700253761722
南京,2026-01,2026-02,https://www.stats.gov.cn/sj/zxfb/202602/t20260213_1962617.html,-0.2194310873873126,-0.32337126,-0.37262002,-0.2194310873873126
南充,2026-01,2026-02,https://www.stats.gov.cn/sj/zxfb/202602/t20260213_1962617.html,-0.16412210984516887,-0.124495864,-0.1500498,-0.16412210984516887
南宁,2026-01,2026-02,https://www.stats.gov.cn/sj/zxfb/202602/t20260213_1962617.html,-0.4490398977654765,-0.44071332,-0.38990796,-0.4490398977654765
南昌,2026-01,2026-02,https://www.stats.gov.cn/sj/zxfb/202602/t20260213_1962617.html,-0.34411570502886085,-0.4244831,-0.40898535,-0.34411570502886085
厦门,2026-01,2026-02,https://www.stats.gov.cn/sj/zxfb/202602/t20260213_1962617.html,-0.18506714691944243,-0.115209125,-0.19706692,-0.18506714691944243
合肥,2026-01,2026-02,https://www.stats.gov.cn/sj/zxfb/202602/t20260213_1962617.html,-0.030830908514749178,0.021105193,0.018618917,-0.030830908514749178
吉林,2026-01,2026-02,https://www.stats.gov.cn/sj/zxfb/202602/t20260213_1962617.html,-0.1206077907491642,-0.11440871,-0.1681074,-0.1206077907491642
呼和浩特,2026-01,2026-02,https://www.stats.gov.cn/sj/zxfb/202602/t20260213_1962617.html,-0.36772748287285106,-0.47710776,-0.47514582,-0.36772748287285106
哈尔滨,2026-01,2026-02,https://www.stats.gov.cn/sj/zxfb/202602/t20260213_1962617.html,-0.22314352386580855,-0.20804621,-0.2249964,-0.22314352386580855
唐山,2026-01,2026-02,https://www.stats.gov.cn/sj/zxfb/202602/t20260213_1962617.html,-0.39074167140682176,-0.431924,-0.44320798,-0.39074167140682176
大理,2026-01,2026-02,https://www.stats.gov.cn/sj/zxfb/202602/t20260213_1962617.html,-0.2541885790796499,-0.22319192,-0.23342995,-0.2541885790796499
大连,2026-01,2026-02,https://www.stats.gov.cn/sj/zxfb/202602/t20260213_1962617.html,-0.12642067141378188,-0.063980676,-0.080428906,-0.12642067141378188
天津,2026-01,2026-02,https://www.stats.gov.cn/sj/zxfb/202602/t20260213_1962617.html,-0.420632875648168,-0.49158502,-0.48806345,-0.420632875648168
太原,2026-01,2026-02,https://www.stats.gov.cn/sj/zxfb/202602/t20260213_1962617.html,-0.15017996785591226,-0.100089096,-0.093583606,-0.15017996785591226
宁波,2026-01,2026-02,https://www.stats.gov.cn/sj/zxfb/202602/t20260213_1962617.html,-0.15430824309491703,-0.28478536,-0.35113811,-0.15430824309491703
安庆,2026-01,2026-02,https://www.stats.gov.cn/sj/zxfb/202602/t20260213_1962617.html,-0.27512273152944566,-0.2931098,-0.3156171,-0.27512273152944566
宜昌,2026-01,2026-02,https://www.stats.gov.cn/sj/zxfb/202602/t20260213_1962617.html,-0.2623782439733068,-0.2563517,-0.23354341,-0.2623782439733068
岳阳,2026-01,2026-02,https://www.stats.gov.cn/sj/zxfb/202602/t20260213_1962617.html,-0.41194849128236755,-0.41605663,-0.40162155,-0.41194849128236755
常德,2026-01,2026-02,https://www.stats.gov.cn/sj/zxfb/202602/t20260213_1962617.html,-0.48437800868884606,-0.37761378,-0.4104259,-0.48437800868884606
平顶山,2026-01,2026-02,https://www.stats.gov.cn/sj/zxfb/202602/t20260213_1962617.html,-0.29826233706068195,-0.31283972,-0.25773025,-0.29826233706068195
广州,2026-01,2026-02,https://www.stats.gov.cn/sj/zxfb/202602/t20260213_1962617.html,-0.45899943490410844,-0.46245012,-0.48149928,-0.45899943490410844
徐州,2026-01,2026-02,https://www.stats.gov.cn/sj/zxfb/202602/t20260213_1962617.html,-0.5699782544431773,-0.5693267,-0.5106726,-0.5699782544431773
惠州,2026-01,2026-02,https://www.stats.gov.cn/sj/zxfb/202602/t20260213_1962617.html,-0.3832763601976297,-0.32975718,-0.36211988,-0.3832763601976297
成都,2026-01,2026-02,https://www.stats.gov.cn/sj/zxfb/202602/t20260213_1962617.html,-0.3019456812775373,-0.3798294,-0.40965596,-0.3019456812775373
扬州,2026-01,2026-02,https://www.stats.gov.cn/sj/zxfb/202602/t20260213_1962617.html,-0.18287395853665353,-0.34246445,-0.37361574,-0.18287395853665353
无锡,2026-01,2026-02,https://www.stats.gov.cn/sj/zxfb/202602/t20260213_1962617.html,-0.29149967661770226,-0.20499617,-0.23120089,-0.29149967661770226
昆明,2026-01,2026-02,https://www.stats.gov.cn/sj/zxfb/202602/t20260213_1962617.html,-0.4049006282315264,-0.31977662,-0.32476136,-0.4049006282315264
杭州,2026-01,2026-02,https://www.stats.gov.cn/sj/zxfb/202602/t20260213_1962617.html,-0.05740192112075923,-0.17255573,-0.15141034,-0.05740192112075923
桂林,2026-01,2026-02,https://www.stats.gov.cn/sj/zxfb/202602/t20260213_1962617.html,-0.45747923731584395,-0.46460152,-0.4470309,-0.45747923731584395
武汉,2026-01,2026-02,https://www.stats.gov.cn/sj/zxfb/202602/t20260213_1962617.html,-0.16029139365680484,-0.13216792,-0.12561165,-0.16029139365680484
沈阳,2026-01,2026-02,https://www.stats.gov.cn/sj/zxfb/202602/t20260213_1962617.html,-0.1392180736674823,-0.15781765,-0.115271,-0.1392180736674823
泉州,2026-01,2026-02,https://www.stats.gov.cn/sj/zxfb/202602/t20260213_1962617.html,-0.27212895166913614,-0.30790678,-0.28112426,-0.27212895166913614
泸州,2026-01,2026-02,https://www.stats.gov.cn/sj/zxfb/202602/t20260213_1962617.html,-0.575649448765408,-0.60454345,-0.6082356,-0.575649448765408
洛阳,2026-01,2026-02,https://www.stats.gov.cn/sj/zxfb/202602/t20260213_1962617.html,-0.3923503687925529,-0.35773602,-0.33677325,-0.3923503687925529
济南,2026-01,2026-02,https://www.stats.gov.cn/sj/zxfb/202602/t20260213_1962617.html,-0.21548860115036386,-0.32208395,-0.38975593,-0.21548860115036386
济宁,2026-01,2026-02,https://www.stats.gov.cn/sj/zxfb/202602/t20260213_1962617.html,-0.45049502661729407,-0.4716132,-0.43684658,-0.45049502661729407
海口,2026-01,2026-02,https://www.stats.gov.cn/sj/zxfb/202602/t20260213_1962617.html,-0.21114226399057612,-0.17341228,-0.22140825,-0.21114226399057612
深圳,2026-01,2026-02,https://www.stats.gov.cn/sj/zxfb/202602/t20260213_1962617.html,-0.3652788956106069,-0.33086205,-0.32261345,-0.3652788956106069
温州,2026-01,2026-02,https://www.stats.gov.cn/sj/zxfb/202602/t20260213_1962617.html,-0.44024914163341033,-0.44358024,-0.4454812,-0.44024914163341033
湛江,2026-01,2026-02,https://www.stats.gov.cn/sj/zxfb/202602/t20260213_1962617.html,-0.395306125901718,-0.2814084,-0.26312122,-0.395306125901718
烟台,2026-01,2026-02,https://www.stats.gov.cn/sj/zxfb/202602/t20260213_1962617.html,-0.33449032900062337,-0.36863828,-0.33053967,-0.33449032900062337
牡丹江,2026-01,2026-02,https://www.stats.gov.cn/sj/zxfb/202602/t20260213_1962617.html,-0.1821375081210757,-0.17014152,-0.09930867,-0.1821375081210757
石家庄,2026-01,2026-02,https://www.stats.gov.cn/sj/zxfb/202602/t20260213_1962617.html,-0.21031123839301424,-0.27096984,-0.32603237,-0.21031123839301424
福州,2026-01,2026-02,https://www.stats.gov.cn/sj/zxfb/202602/t20260213_1962617.html,-0.3994145251045843,-0.30922803,-0.33380154,-0.3994145251045843
秦皇岛,2026-01,2026-02,https://www.stats.gov.cn/sj/zxfb/202602/t20260213_1962617.html,-0.4454799610210099,-0.5261282,-0.46896407,-0.4454799610210099
蚌埠,2026-01,2026-02,https://www.stats.gov.cn/sj/zxfb/202602/t20260213_1962617.html,-0.3397670575123364,-0.3328677,-0.3304851,-0.3397670575123364
襄阳,2026-01,2026-02,https://www.stats.gov.cn/sj/zxfb/202602/t20260213_1962617.html,-0.46554394249874936,-0.54603803,-0.5030318,-0.46554394249874936
西宁,2026-01,2026-02,https://www.stats.gov.cn/sj/zxfb/202602/t20260213_1962617.html,-0.28226905020259335,-0.16720884,-0.16415493,-0.28226905020259335
西安,2026-01,2026-02,https://www.stats.gov.cn/sj/zxfb/202602/t20260213_1962617.html,-0.3701818244644996,-0.5465935,-0.54257035,-0.3701818244644996
贵阳,2026-01,2026-02,https://www.stats.gov.cn/sj/zxfb/202602/t20260213_1962617.html,-0.2524212884971756,-0.37461257,-0.3760489,-0.2524212884971756
赣州,2026-01,2026-02,https://www.stats.gov.cn/sj/zxfb/202602/t20260213_1962617.html,-0.3820713506764318,-0.437364,-0.4643828,-0.3820713506764318
遵义,2026-01,2026-02,https://www.stats.gov.cn/sj/zxfb/202602/t20260213_1962617.html,-0.17756555190317208,-0.255192,-0.32365012,-0.17756555190317208
郑州,2026-01,2026-02,https://www.stats.gov.cn/sj/zxfb/202602/t20260213_1962617.html,-0.4126188129676627,-0.39481053,-0.45531246,-0.4126188129676627
重庆,2026-01,2026-02,https://www.stats.gov.cn/sj/zxfb/202602/t20260213_1962617.html,-0.19181394891839856,-0.27442595,-0.29329586,-0.19181394891839856
金华,2026-01,2026-02,https://www.stats.gov.cn/sj/zxfb/202602/t20260213_1962617.html,-0.4520885767335606,-0.42389122,-0.4092367,-0.4520885767335606
银川,2026-01,2026-02,https://www.stats.gov.cn/sj/zxfb/202602/t20260213_1962617.html,-0.20277076201904262,-0.33173493,-0.37991795,-0.20277076201904262
锦州,2026-01,2026-02,https://www.stats.gov.cn/sj/zxfb/202602/t20260213_1962617.html,-0.2285995336141113,-0.24253626,-0.2517145,-0.2285995336141113
长春,2026-01,2026-02,https://www.stats.gov.cn/sj/zxfb/202602/t20260213_1962617.html,-0.2235357975062527,-0.2768633,-0.2673371,-0.2235357975062527
长沙,2026-01,2026-02,https://www.stats.gov.cn/sj/zxfb/202602/t20260213_1962617.html,-0.27107592702123395,-0.29010627,-0.33849916,-0.27107592702123395
青岛,2026-01,2026-02,https://www.stats.gov.cn/sj/zxfb/202602/t20260213_1962617.html,-0.36247359658980755,-0.48372474,-0.51554674,-0.36247359658980755
韶关,2026-01,2026-02,https://www.stats.gov.cn/sj/zxfb/202602/t20260213_1962617.html,-0.2163779852550046,-0.2253579,-0.24583872,-0.2163779852550046
