period,new_mean_pct,second_mean_pct,new_falling_share
2021-05,0.5171428571428572,0.2957142857142857,0.07142857142857142
2021-06,0.41,0.28285714285714286,0.17142857142857143
2021-07,0.29857142857142854,0.10857142857142857,0.22857142857142856
2021-08,0.15714285714285714,-0.02,0.2857142857142857
2021-09,-0.08285714285714285,-0.19,0.5142857142857142
2021-10,-0.25285714285714284,-0.3242857142857143,0.7428571428571429
2021-11,-0.33285714285714285,-0.3728571428571429,0.8428571428571429
2021-12,-0.28428571428571425,-0.36,0.7142857142857143
2022-01,-0.038571428571428576,-0.28,0.5571428571428572
2022-02,-0.12857142857142856,-0.28428571428571425,0.5714285714285714
2022-03,-0.07285714285714286,-0.19,0.5428571428571428
2022-04,-0.29714285714285715,-0.2742857142857143,0.6714285714285714
2022-05,-0.17428571428571427,-0.3871428571428572,0.6142857142857143
2022-06,-0.09714285714285714,-0.20714285714285716,0.5428571428571428
2022-07,-0.10571428571428572,-0.21,0.5714285714285714
2022-08,-0.2942857142857143,-0.3514285714285714,0.7142857142857143
2022-09,-0.2785714285714286,-0.3942857142857143,0.7714285714285715
2022-10,-0.36714285714285716,-0.4671428571428572,0.8285714285714286
2022-11,-0.24714285714285716,-0.43857142857142856,0.7285714285714285
2022-12,-0.24714285714285716,-0.4128571428571428,0.7857142857142857
2023-01,-0.004285714285714283,-0.27571428571428575,0.4714285714285714
2023-02,0.30142857142857143,0.11857142857142858,0.18571428571428572
2023-03,0.4442857142857143,0.26142857142857145,0.07142857142857142
2023-04,0.31857142857142856,0.00857142857142857,0.1
2023-05,0.09857142857142857,-0.23428571428571426,0.34285714285714286
2023-06,-0.05857142857142858,-0.4414285714285714,0.5428571428571428
2023-07,-0.23142857142857143,-0.4714285714285714,0.7
2023-08,-0.28714285714285714,-0.4757142857142857,0.7428571428571429
2023-09,-0.29857142857142854,-0.4785714285714286,0.7714285714285715
2023-10,-0.3771428571428571,-0.5828571428571429,0.8
2023-11,-0.3742857142857143,-0.7899999999999999,0.8428571428571429
2023-12,-0.44857142857142857,-0.7942857142857143,0.8857142857142857
2024-01,-0.3685714285714286,-0.6771428571428572,0.8
2024-02,-0.36,-0.6242857142857143,0.8428571428571429
2024-03,-0.3357142857142857,-0.5271428571428571,0.8142857142857143
2024-04,-0.5828571428571429,-0.9385714285714286,0.9142857142857143
2024-05,-0.7142857142857143,-0.9985714285714287,0.9714285714285714
2024-06,-0.6728571428571429,-0.8542857142857142,0.9142857142857143
2024-07,-0.6471428571428571,-0.8,0.9428571428571428
2024-08,-0.7271428571428571,-0.9471428571428571,0.9571428571428572
2024-09,-0.7057142857142857,-0.9299999999999999,0.9428571428571428
2024-10,-0.5142857142857142,-0.48428571428571426,0.9
2024-11,-0.20142857142857143,-0.34714285714285714,0.7
2024-12,-0.0842857142857143,-0.3142857142857143,0.6142857142857143
2025-01,-0.06714285714285714,-0.34,0.6
2025-02,-0.13714285714285715,-0.3442857142857143,0.6428571428571429
2025-03,-0.0842857142857143,-0.22857142857142856,0.5857142857142857
2025-04,-0.11714285714285713,-0.40714285714285714,0.6428571428571429
2025-05,-0.22285714285714286,-0.5028571428571429,0.7571428571428571
2025-06,-0.26999999999999996,-0.6142857142857143,0.8
2025-07,-0.3057142857142857,-0.5485714285714286,0.8571428571428571
2025-08,-0.29714285714285715,-0.5842857142857143,0.8142857142857143
2025-09,-0.40714285714285714,-0.6385714285714286,0.9
2025-10,-0.45142857142857146,-0.6642857142857143,0.9142857142857143
2025-11,-0.3871428571428572,-0.6585714285714286,0.8428571428571429
2025-12,-0.37,-0.7042857142857143,0.8285714285714286
2026-01,-0.3657142857142857,-0.5385714285714286,0.8857142857142857
