target_month,mae_last_month,mae_original_frozen_ridge,mae_frozen_ridge,mae_rolling_ridge,mae_frozen_temporal_net,mae_rolling_temporal_net,mae_frozen_residual_graph_net,mae_rolling_residual_graph_net,mae_rolling_expanding_ridge
2025-01,0.2257142961025238,0.20244103298332844,0.2024410329833288,0.2024410329833288,0.20519141852855682,0.20519141852855682,0.20305919647216797,0.20305919647216797,0.2024410329833288
2025-02,0.27571427822113037,0.2141692302689211,0.21416923026892087,0.2152252484819542,0.24170692265033722,0.2473151683807373,0.25317907333374023,0.2531758248806,0.2152252484819542
2025-03,0.2614286541938782,0.18760924346696423,0.1876092434669647,0.1885483997965229,0.24431656301021576,0.24223311245441437,0.23441988229751587,0.23374037444591522,0.1885483997965229
2025-04,0.21285715699195862,0.18042273286970564,0.18042273286970564,0.1781817654056917,0.2000107318162918,0.19428874552249908,0.19302944839000702,0.18707983195781708,0.1781817654056917
2025-05,0.2800000011920929,0.2425407925192533,0.24254079251925426,0.2420116718136169,0.2364964336156845,0.23758673667907715,0.23353800177574158,0.23426854610443115,0.2420116718136169
2025-06,0.23857146501541138,0.2949231922642366,0.29492319226424035,0.28219179489823476,0.21418246626853943,0.2156953513622284,0.2216784656047821,0.2218889445066452,0.28219179489823476
2025-07,0.24142856895923615,0.26512935146129407,0.26512935146129774,0.23150069453812608,0.20656128227710724,0.2029857486486435,0.2073143869638443,0.20211437344551086,0.23150069453812608
2025-08,0.24571429193019867,0.30507156842225785,0.30507156842226324,0.2370627231181723,0.21441718935966492,0.20421887934207916,0.23043158650398254,0.2155459225177765,0.2370627231181723
2025-09,0.27571430802345276,0.22347000182347085,0.2234700018234729,0.20245291650321612,0.2282339185476303,0.22060060501098633,0.22376205027103424,0.22029604017734528,0.20245291650321612
2025-10,0.238571435213089,0.1970717155276222,0.1970717155276226,0.20273357740982867,0.20861832797527313,0.1992906779050827,0.21258749067783356,0.20311778783798218,0.20273357740982867
2025-11,0.24714286625385284,0.2149034344884733,0.2149034344884732,0.21491415982094075,0.21949756145477295,0.2171063870191574,0.2211780548095703,0.2193574160337448,0.21491415982094075
2025-12,0.2685714364051819,0.21017709901267811,0.210177099012678,0.2099443588659685,0.2166590839624405,0.21065376698970795,0.20999307930469513,0.2135199010372162,0.2099443588659685
2026-01,0.22142860293388367,0.16642457770851468,0.1664245777085146,0.16769564650398022,0.1664019227027893,0.1690855622291565,0.17248576879501343,0.17642053961753845,0.16769564650398022
