stage,family,policy,first_forecast_month,last_forecast_month,train_first_label_month,train_last_label_month,train_months,train_city_rows,effective_weighted_months,oldest_to_newest_weight_ratio,graph_last_month,target_month_used_for_fit
validation,ridge,expanding,2024-01,2024-01,2021-12,2023-12,25,1750,25.0,1.0,,False
validation,ridge,expanding,2024-02,2024-02,2021-12,2024-01,26,1820,26.0,1.0,,False
validation,ridge,expanding,2024-03,2024-03,2021-12,2024-02,27,1890,27.0,1.0,,False
validation,ridge,expanding,2024-04,2024-04,2021-12,2024-03,28,1960,28.0,1.0,,False
validation,ridge,expanding,2024-05,2024-05,2021-12,2024-04,29,2030,29.0,1.0,,False
validation,ridge,expanding,2024-06,2024-06,2021-12,2024-05,30,2100,30.0,1.0,,False
validation,ridge,expanding,2024-07,2024-07,2021-12,2024-06,31,2170,31.0,1.0,,False
validation,ridge,expanding,2024-08,2024-08,2021-12,2024-07,32,2240,32.0,1.0,,False
validation,ridge,expanding,2024-09,2024-09,2021-12,2024-08,33,2310,33.0,1.0,,False
validation,ridge,expanding,2024-10,2024-10,2021-12,2024-09,34,2380,34.0,1.0,,False
validation,ridge,expanding,2024-11,2024-11,2021-12,2024-10,35,2450,35.0,1.0,,False
validation,ridge,expanding,2024-12,2024-12,2021-12,2024-11,36,2520,36.0,1.0,,False
validation,ridge,recent_24,2024-01,2024-01,2022-01,2023-12,24,1680,24.0,1.0,,False
validation,ridge,recent_24,2024-02,2024-02,2022-02,2024-01,24,1680,24.0,1.0,,False
validation,ridge,recent_24,2024-03,2024-03,2022-03,2024-02,24,1680,24.0,1.0,,False
validation,ridge,recent_24,2024-04,2024-04,2022-04,2024-03,24,1680,24.0,1.0,,False
validation,ridge,recent_24,2024-05,2024-05,2022-05,2024-04,24,1680,24.0,1.0,,False
validation,ridge,recent_24,2024-06,2024-06,2022-06,2024-05,24,1680,24.0,1.0,,False
validation,ridge,recent_24,2024-07,2024-07,2022-07,2024-06,24,1680,24.0,1.0,,False
validation,ridge,recent_24,2024-08,2024-08,2022-08,2024-07,24,1680,24.0,1.0,,False
validation,ridge,recent_24,2024-09,2024-09,2022-09,2024-08,24,1680,24.0,1.0,,False
validation,ridge,recent_24,2024-10,2024-10,2022-10,2024-09,24,1680,24.0,1.0,,False
validation,ridge,recent_24,2024-11,2024-11,2022-11,2024-10,24,1680,24.0,1.0,,False
validation,ridge,recent_24,2024-12,2024-12,2022-12,2024-11,24,1680,24.0,1.0,,False
validation,ridge,half_life_12,2024-01,2024-01,2021-12,2023-12,25,1750,21.409686025351668,0.25,,False
validation,ridge,half_life_12,2024-02,2024-02,2021-12,2024-01,26,1820,22.01672453668842,0.23596857817042335,,False
validation,ridge,half_life_12,2024-03,2024-03,2021-12,2024-02,27,1890,22.601881048883783,0.22272467953508485,,False
validation,ridge,half_life_12,2024-04,2024-04,2021-12,2024-03,28,1960,23.165394101454243,0.21022410381342863,,False
validation,ridge,half_life_12,2024-05,2024-05,2021-12,2024-04,29,2030,23.707554418258667,0.19842513149602492,,False
validation,ridge,half_life_12,2024-06,2024-06,2021-12,2024-05,30,2100,24.228699618339448,0.18728838460958522,,False
validation,ridge,half_life_12,2024-07,2024-07,2021-12,2024-06,31,2170,24.729209024304428,0.1767766952966369,,False
validation,ridge,half_life_12,2024-08,2024-08,2021-12,2024-07,32,2240,25.20949861326229,0.16685498177125427,,False
validation,ridge,half_life_12,2024-09,2024-09,2021-12,2024-08,33,2310,25.67001614818546,0.15749013123685912,,False
validation,ridge,half_life_12,2024-10,2024-10,2021-12,2024-09,34,2380,26.11123652069313,0.14865088937534013,,False
validation,ridge,half_life_12,2024-11,2024-11,2021-12,2024-10,35,2450,26.533657329736236,0.1403077560386716,,False
validation,ridge,half_life_12,2024-12,2024-12,2021-12,2024-11,36,2520,26.937794714608973,0.1324328867949119,,False
validation,temporal_net,expanding,2024-01,2024-01,2021-12,2023-12,25,1750,25.0,1.0,,False
validation,temporal_net,expanding,2024-02,2024-02,2021-12,2024-01,26,1820,26.0,1.0,,False
validation,temporal_net,expanding,2024-03,2024-03,2021-12,2024-02,27,1890,27.0,1.0,,False
validation,temporal_net,expanding,2024-04,2024-04,2021-12,2024-03,28,1960,28.0,1.0,,False
validation,temporal_net,expanding,2024-05,2024-05,2021-12,2024-04,29,2030,29.0,1.0,,False
validation,temporal_net,expanding,2024-06,2024-06,2021-12,2024-05,30,2100,30.0,1.0,,False
validation,temporal_net,expanding,2024-07,2024-07,2021-12,2024-06,31,2170,31.0,1.0,,False
validation,temporal_net,expanding,2024-08,2024-08,2021-12,2024-07,32,2240,32.0,1.0,,False
validation,temporal_net,expanding,2024-09,2024-09,2021-12,2024-08,33,2310,33.0,1.0,,False
validation,temporal_net,expanding,2024-10,2024-10,2021-12,2024-09,34,2380,34.0,1.0,,False
validation,temporal_net,expanding,2024-11,2024-11,2021-12,2024-10,35,2450,35.0,1.0,,False
validation,temporal_net,expanding,2024-12,2024-12,2021-12,2024-11,36,2520,36.0,1.0,,False
validation,temporal_net,recent_24,2024-01,2024-01,2022-01,2023-12,24,1680,24.0,1.0,,False
validation,temporal_net,recent_24,2024-02,2024-02,2022-02,2024-01,24,1680,24.0,1.0,,False
validation,temporal_net,recent_24,2024-03,2024-03,2022-03,2024-02,24,1680,24.0,1.0,,False
validation,temporal_net,recent_24,2024-04,2024-04,2022-04,2024-03,24,1680,24.0,1.0,,False
validation,temporal_net,recent_24,2024-05,2024-05,2022-05,2024-04,24,1680,24.0,1.0,,False
validation,temporal_net,recent_24,2024-06,2024-06,2022-06,2024-05,24,1680,24.0,1.0,,False
validation,temporal_net,recent_24,2024-07,2024-07,2022-07,2024-06,24,1680,24.0,1.0,,False
validation,temporal_net,recent_24,2024-08,2024-08,2022-08,2024-07,24,1680,24.0,1.0,,False
validation,temporal_net,recent_24,2024-09,2024-09,2022-09,2024-08,24,1680,24.0,1.0,,False
validation,temporal_net,recent_24,2024-10,2024-10,2022-10,2024-09,24,1680,24.0,1.0,,False
validation,temporal_net,recent_24,2024-11,2024-11,2022-11,2024-10,24,1680,24.0,1.0,,False
validation,temporal_net,recent_24,2024-12,2024-12,2022-12,2024-11,24,1680,24.0,1.0,,False
validation,temporal_net,half_life_12,2024-01,2024-01,2021-12,2023-12,25,1750,21.409686025351668,0.25,,False
validation,temporal_net,half_life_12,2024-02,2024-02,2021-12,2024-01,26,1820,22.01672453668842,0.23596857817042335,,False
validation,temporal_net,half_life_12,2024-03,2024-03,2021-12,2024-02,27,1890,22.601881048883783,0.22272467953508485,,False
validation,temporal_net,half_life_12,2024-04,2024-04,2021-12,2024-03,28,1960,23.165394101454243,0.21022410381342863,,False
validation,temporal_net,half_life_12,2024-05,2024-05,2021-12,2024-04,29,2030,23.707554418258667,0.19842513149602492,,False
validation,temporal_net,half_life_12,2024-06,2024-06,2021-12,2024-05,30,2100,24.228699618339448,0.18728838460958522,,False
validation,temporal_net,half_life_12,2024-07,2024-07,2021-12,2024-06,31,2170,24.729209024304428,0.1767766952966369,,False
validation,temporal_net,half_life_12,2024-08,2024-08,2021-12,2024-07,32,2240,25.20949861326229,0.16685498177125427,,False
validation,temporal_net,half_life_12,2024-09,2024-09,2021-12,2024-08,33,2310,25.67001614818546,0.15749013123685912,,False
validation,temporal_net,half_life_12,2024-10,2024-10,2021-12,2024-09,34,2380,26.11123652069313,0.14865088937534013,,False
validation,temporal_net,half_life_12,2024-11,2024-11,2021-12,2024-10,35,2450,26.533657329736236,0.1403077560386716,,False
validation,temporal_net,half_life_12,2024-12,2024-12,2021-12,2024-11,36,2520,26.937794714608973,0.1324328867949119,,False
validation,residual_graph_net,expanding,2024-01,2024-01,2021-12,2023-12,25,1750,25.0,1.0,2023-12,False
validation,residual_graph_net,expanding,2024-02,2024-02,2021-12,2024-01,26,1820,26.0,1.0,2024-01,False
validation,residual_graph_net,expanding,2024-03,2024-03,2021-12,2024-02,27,1890,27.0,1.0,2024-02,False
validation,residual_graph_net,expanding,2024-04,2024-04,2021-12,2024-03,28,1960,28.0,1.0,2024-03,False
validation,residual_graph_net,expanding,2024-05,2024-05,2021-12,2024-04,29,2030,29.0,1.0,2024-04,False
validation,residual_graph_net,expanding,2024-06,2024-06,2021-12,2024-05,30,2100,30.0,1.0,2024-05,False
validation,residual_graph_net,expanding,2024-07,2024-07,2021-12,2024-06,31,2170,31.0,1.0,2024-06,False
validation,residual_graph_net,expanding,2024-08,2024-08,2021-12,2024-07,32,2240,32.0,1.0,2024-07,False
validation,residual_graph_net,expanding,2024-09,2024-09,2021-12,2024-08,33,2310,33.0,1.0,2024-08,False
validation,residual_graph_net,expanding,2024-10,2024-10,2021-12,2024-09,34,2380,34.0,1.0,2024-09,False
validation,residual_graph_net,expanding,2024-11,2024-11,2021-12,2024-10,35,2450,35.0,1.0,2024-10,False
validation,residual_graph_net,expanding,2024-12,2024-12,2021-12,2024-11,36,2520,36.0,1.0,2024-11,False
validation,residual_graph_net,recent_24,2024-01,2024-01,2022-01,2023-12,24,1680,24.0,1.0,2023-12,False
validation,residual_graph_net,recent_24,2024-02,2024-02,2022-02,2024-01,24,1680,24.0,1.0,2024-01,False
validation,residual_graph_net,recent_24,2024-03,2024-03,2022-03,2024-02,24,1680,24.0,1.0,2024-02,False
validation,residual_graph_net,recent_24,2024-04,2024-04,2022-04,2024-03,24,1680,24.0,1.0,2024-03,False
validation,residual_graph_net,recent_24,2024-05,2024-05,2022-05,2024-04,24,1680,24.0,1.0,2024-04,False
validation,residual_graph_net,recent_24,2024-06,2024-06,2022-06,2024-05,24,1680,24.0,1.0,2024-05,False
validation,residual_graph_net,recent_24,2024-07,2024-07,2022-07,2024-06,24,1680,24.0,1.0,2024-06,False
validation,residual_graph_net,recent_24,2024-08,2024-08,2022-08,2024-07,24,1680,24.0,1.0,2024-07,False
validation,residual_graph_net,recent_24,2024-09,2024-09,2022-09,2024-08,24,1680,24.0,1.0,2024-08,False
validation,residual_graph_net,recent_24,2024-10,2024-10,2022-10,2024-09,24,1680,24.0,1.0,2024-09,False
validation,residual_graph_net,recent_24,2024-11,2024-11,2022-11,2024-10,24,1680,24.0,1.0,2024-10,False
validation,residual_graph_net,recent_24,2024-12,2024-12,2022-12,2024-11,24,1680,24.0,1.0,2024-11,False
validation,residual_graph_net,half_life_12,2024-01,2024-01,2021-12,2023-12,25,1750,21.409686025351668,0.25,2023-12,False
validation,residual_graph_net,half_life_12,2024-02,2024-02,2021-12,2024-01,26,1820,22.01672453668842,0.23596857817042335,2024-01,False
validation,residual_graph_net,half_life_12,2024-03,2024-03,2021-12,2024-02,27,1890,22.601881048883783,0.22272467953508485,2024-02,False
validation,residual_graph_net,half_life_12,2024-04,2024-04,2021-12,2024-03,28,1960,23.165394101454243,0.21022410381342863,2024-03,False
validation,residual_graph_net,half_life_12,2024-05,2024-05,2021-12,2024-04,29,2030,23.707554418258667,0.19842513149602492,2024-04,False
validation,residual_graph_net,half_life_12,2024-06,2024-06,2021-12,2024-05,30,2100,24.228699618339448,0.18728838460958522,2024-05,False
validation,residual_graph_net,half_life_12,2024-07,2024-07,2021-12,2024-06,31,2170,24.729209024304428,0.1767766952966369,2024-06,False
validation,residual_graph_net,half_life_12,2024-08,2024-08,2021-12,2024-07,32,2240,25.20949861326229,0.16685498177125427,2024-07,False
validation,residual_graph_net,half_life_12,2024-09,2024-09,2021-12,2024-08,33,2310,25.67001614818546,0.15749013123685912,2024-08,False
validation,residual_graph_net,half_life_12,2024-10,2024-10,2021-12,2024-09,34,2380,26.11123652069313,0.14865088937534013,2024-09,False
validation,residual_graph_net,half_life_12,2024-11,2024-11,2021-12,2024-10,35,2450,26.533657329736236,0.1403077560386716,2024-10,False
validation,residual_graph_net,half_life_12,2024-12,2024-12,2021-12,2024-11,36,2520,26.937794714608973,0.1324328867949119,2024-11,False
frozen_control,ridge,expanding,2025-01,2026-01,2021-12,2024-12,37,2590,37.0,1.0,,False
retrospective_test,ridge,expanding,2025-01,2025-01,2021-12,2024-12,37,2590,37.0,1.0,,False
retrospective_test,ridge,expanding,2025-02,2025-02,2021-12,2025-01,38,2660,38.0,1.0,,False
retrospective_test,ridge,expanding,2025-03,2025-03,2021-12,2025-02,39,2730,39.0,1.0,,False
retrospective_test,ridge,expanding,2025-04,2025-04,2021-12,2025-03,40,2800,40.0,1.0,,False
retrospective_test,ridge,expanding,2025-05,2025-05,2021-12,2025-04,41,2870,41.0,1.0,,False
retrospective_test,ridge,expanding,2025-06,2025-06,2021-12,2025-05,42,2940,42.0,1.0,,False
retrospective_test,ridge,expanding,2025-07,2025-07,2021-12,2025-06,43,3010,43.0,1.0,,False
retrospective_test,ridge,expanding,2025-08,2025-08,2021-12,2025-07,44,3080,44.0,1.0,,False
retrospective_test,ridge,expanding,2025-09,2025-09,2021-12,2025-08,45,3150,45.0,1.0,,False
retrospective_test,ridge,expanding,2025-10,2025-10,2021-12,2025-09,46,3220,46.0,1.0,,False
retrospective_test,ridge,expanding,2025-11,2025-11,2021-12,2025-10,47,3290,47.0,1.0,,False
retrospective_test,ridge,expanding,2025-12,2025-12,2021-12,2025-11,48,3360,48.0,1.0,,False
retrospective_test,ridge,expanding,2026-01,2026-01,2021-12,2025-12,49,3430,49.0,1.0,,False
frozen_control,temporal_net,expanding,2025-01,2026-01,2021-12,2024-12,37,2590,37.0,1.0,,False
retrospective_test,temporal_net,expanding,2025-01,2025-01,2021-12,2024-12,37,2590,37.0,1.0,,False
retrospective_test,temporal_net,expanding,2025-02,2025-02,2021-12,2025-01,38,2660,38.0,1.0,,False
retrospective_test,temporal_net,expanding,2025-03,2025-03,2021-12,2025-02,39,2730,39.0,1.0,,False
retrospective_test,temporal_net,expanding,2025-04,2025-04,2021-12,2025-03,40,2800,40.0,1.0,,False
retrospective_test,temporal_net,expanding,2025-05,2025-05,2021-12,2025-04,41,2870,41.0,1.0,,False
retrospective_test,temporal_net,expanding,2025-06,2025-06,2021-12,2025-05,42,2940,42.0,1.0,,False
retrospective_test,temporal_net,expanding,2025-07,2025-07,2021-12,2025-06,43,3010,43.0,1.0,,False
retrospective_test,temporal_net,expanding,2025-08,2025-08,2021-12,2025-07,44,3080,44.0,1.0,,False
retrospective_test,temporal_net,expanding,2025-09,2025-09,2021-12,2025-08,45,3150,45.0,1.0,,False
retrospective_test,temporal_net,expanding,2025-10,2025-10,2021-12,2025-09,46,3220,46.0,1.0,,False
retrospective_test,temporal_net,expanding,2025-11,2025-11,2021-12,2025-10,47,3290,47.0,1.0,,False
retrospective_test,temporal_net,expanding,2025-12,2025-12,2021-12,2025-11,48,3360,48.0,1.0,,False
retrospective_test,temporal_net,expanding,2026-01,2026-01,2021-12,2025-12,49,3430,49.0,1.0,,False
frozen_control,residual_graph_net,expanding,2025-01,2026-01,2021-12,2024-12,37,2590,37.0,1.0,2024-12,False
retrospective_test,residual_graph_net,expanding,2025-01,2025-01,2021-12,2024-12,37,2590,37.0,1.0,2024-12,False
retrospective_test,residual_graph_net,expanding,2025-02,2025-02,2021-12,2025-01,38,2660,38.0,1.0,2025-01,False
retrospective_test,residual_graph_net,expanding,2025-03,2025-03,2021-12,2025-02,39,2730,39.0,1.0,2025-02,False
retrospective_test,residual_graph_net,expanding,2025-04,2025-04,2021-12,2025-03,40,2800,40.0,1.0,2025-03,False
retrospective_test,residual_graph_net,expanding,2025-05,2025-05,2021-12,2025-04,41,2870,41.0,1.0,2025-04,False
retrospective_test,residual_graph_net,expanding,2025-06,2025-06,2021-12,2025-05,42,2940,42.0,1.0,2025-05,False
retrospective_test,residual_graph_net,expanding,2025-07,2025-07,2021-12,2025-06,43,3010,43.0,1.0,2025-06,False
retrospective_test,residual_graph_net,expanding,2025-08,2025-08,2021-12,2025-07,44,3080,44.0,1.0,2025-07,False
retrospective_test,residual_graph_net,expanding,2025-09,2025-09,2021-12,2025-08,45,3150,45.0,1.0,2025-08,False
retrospective_test,residual_graph_net,expanding,2025-10,2025-10,2021-12,2025-09,46,3220,46.0,1.0,2025-09,False
retrospective_test,residual_graph_net,expanding,2025-11,2025-11,2021-12,2025-10,47,3290,47.0,1.0,2025-10,False
retrospective_test,residual_graph_net,expanding,2025-12,2025-12,2021-12,2025-11,48,3360,48.0,1.0,2025-11,False
retrospective_test,residual_graph_net,expanding,2026-01,2026-01,2021-12,2025-12,49,3430,49.0,1.0,2025-12,False
as_of_forecast,ridge,expanding,2026-02,2026-02,2021-12,2026-01,50,3500,50.0,1.0,,False
as_of_forecast,temporal_net,expanding,2026-02,2026-02,2021-12,2026-01,50,3500,50.0,1.0,,False
as_of_forecast,residual_graph_net,expanding,2026-02,2026-02,2021-12,2026-01,50,3500,50.0,1.0,2026-01,False
