past_bias_pp,correction_pp,released_base_error_pp,updated_bias_pp,target_month,state_known_through
-0.1327433546744861,0.06637167733724306,-0.024467691206283313,-0.07860552294038471,2025-01,2024-12
-0.07860552294038471,0.039302761470192356,0.05599651218696763,-0.011304505376708542,2025-02,2025-01
-0.011304505376708542,0.005652252688354271,-0.07938558350687172,-0.04534504444179013,2025-03,2025-02
-0.04534504444179013,0.022672522220895067,-0.00020962168143335053,-0.02277733306161174,2025-04,2025-03
-0.02277733306161174,0.01138866653080587,-0.07257037275472931,-0.04767385290817053,2025-05,2025-04
-0.04767385290817053,0.023836926454085264,-0.20636116971114016,-0.12701751130965533,2025-06,2025-05
-0.12701751130965533,0.06350875565482766,-0.18415647399495874,-0.15558699265230702,2025-07,2025-06
-0.15558699265230702,0.07779349632615351,-0.18119752465231165,-0.16839225865230933,2025-08,2025-07
-0.16839225865230933,0.08419612932615467,0.009066633957547227,-0.07966281234738105,2025-09,2025-08
-0.07966281234738105,0.03983140617369053,0.044688267339036615,-0.01748727250417222,2025-10,2025-09
-0.01748727250417222,0.00874363625208611,0.01286203018052032,-0.00231262116182595,2025-11,2025-10
-0.00231262116182595,0.001156310580912975,0.04651713298209765,0.02210225591013585,2025-12,2025-11
0.02210225591013585,-0.011051127955067925,0.028444200850992713,0.025273228380564283,2026-01,2025-12
