target_month,input_month,city,input_source_url,pred_bias_0.5_0.5,pred_decomp_ridge,pred_decomp_tcn,pred_fair_tcn,pred_legacy_tcn,pred_multitask_0.05_weighted,pred_revin_tcn,pred_ridge_25,pred_online_ensemble,pred_uniform_ensemble,prob_multitask_0.05_weighted_fall,prob_multitask_0.05_weighted_flat,prob_multitask_0.05_weighted_rise
2026-02,2026-01,三亚,https://www.stats.gov.cn/sj/zxfb/202602/t20260213_1962617.html,-0.13503830355119115,-0.11913283146642216,-0.26882705092430115,-0.17997302114963531,-0.1287228912115097,-0.1729256957769394,-0.15105777978897095,-0.122401689360909,-0.14564839054627843,-0.10079157017018144,0.5033891201019287,0.1267077922821045,0.369903028011322
2026-02,2026-01,上海,https://www.stats.gov.cn/sj/zxfb/202602/t20260213_1962617.html,0.07468625781680857,0.085447347261025,-0.004060417413711548,0.012265401892364025,0.05594843253493309,-0.01010858453810215,0.030422085896134377,0.08732287200709071,0.04751195247114946,0.033196091299818244,0.2781766951084137,0.11312975734472275,0.608693540096283
2026-02,2026-01,丹东,https://www.stats.gov.cn/sj/zxfb/202602/t20260213_1962617.html,-0.204552317748381,-0.20815295496253708,-0.27553895115852356,-0.21023516356945038,-0.22234667837619781,-0.2663169205188751,-0.2070402354001999,-0.19191570355809887,-0.20112326143497886,-0.20071695670259382,0.5811722874641418,0.1542632281780243,0.26456451416015625
2026-02,2026-01,乌鲁木齐,https://www.stats.gov.cn/sj/zxfb/202602/t20260213_1962617.html,-0.2073784788166609,-0.2093824937372664,-0.2585342228412628,-0.24492497742176056,-0.2780056893825531,-0.27394938468933105,-0.26481732726097107,-0.19474186462637877,-0.22701262883921175,-0.2798889493362013,0.5875977277755737,0.12900778651237488,0.2833944857120514
2026-02,2026-01,九江,https://www.stats.gov.cn/sj/zxfb/202602/t20260213_1962617.html,-0.3780145629025151,-0.36929717845918625,-0.4553689658641815,-0.42759132385253906,-0.323538213968277,-0.4330385625362396,-0.39283910393714905,-0.36537794871223295,-0.3930738446568946,-0.36432309482856695,0.7765191197395325,0.0842415913939476,0.13923923671245575
2026-02,2026-01,兰州,https://www.stats.gov.cn/sj/zxfb/202602/t20260213_1962617.html,-0.4166640410890481,-0.43009733258623334,-0.5012595057487488,-0.438224732875824,-0.4998723566532135,-0.4755745828151703,-0.447019100189209,-0.4040274268987659,-0.4243285717113763,-0.4474173865915299,0.7672079801559448,0.10051431506872177,0.1322776973247528
2026-02,2026-01,包头,https://www.stats.gov.cn/sj/zxfb/202602/t20260213_1962617.html,-0.549263543694726,-0.5488912871141508,-0.5678643584251404,-0.5286092758178711,-0.5136646628379822,-0.5543699264526367,-0.558203399181366,-0.5366269295044438,-0.5351726536480348,-0.5550787430547243,0.8425785899162292,0.06609266251325607,0.09132875502109528
2026-02,2026-01,北京,https://www.stats.gov.cn/sj/zxfb/202602/t20260213_1962617.html,-0.2343954006877952,-0.24755190513353517,-0.4279452860355377,-0.31546926498413086,-0.26623913645744324,-0.3913002610206604,-0.24330301582813263,-0.22175878649751307,-0.27027850826767563,-0.27907602113419094,0.592223048210144,0.13695794343948364,0.27081891894340515
2026-02,2026-01,北海,https://www.stats.gov.cn/sj/zxfb/202602/t20260213_1962617.html,-0.4484066395664563,-0.4659254634854746,-0.4612167775630951,-0.4271467328071594,-0.3339233100414276,-0.45201045274734497,-0.3620016574859619,-0.43577002537617415,-0.42635641209637876,-0.38763892336808753,0.7967498898506165,0.08499058336019516,0.11825953423976898
2026-02,2026-01,南京,https://www.stats.gov.cn/sj/zxfb/202602/t20260213_1962617.html,-0.23206770157759862,-0.23433588298643296,-0.3587665557861328,-0.34536978602409363,-0.32391372323036194,-0.35487642884254456,-0.2705313265323639,-0.21943108738731648,-0.28754033212292973,-0.32160029312395816,0.5788962244987488,0.15830211341381073,0.2628016173839569
2026-02,2026-01,南充,https://www.stats.gov.cn/sj/zxfb/202602/t20260213_1962617.html,-0.17675872403545487,-0.19494340364263749,-0.22607052326202393,-0.1299184113740921,-0.12459716200828552,-0.17433246970176697,-0.08886155486106873,-0.16412210984517273,-0.13734561108101184,-0.06468017324304957,0.644324779510498,0.11116953194141388,0.24450567364692688
2026-02,2026-01,南宁,https://www.stats.gov.cn/sj/zxfb/202602/t20260213_1962617.html,-0.4616765119557641,-0.4620660708534469,-0.5342282056808472,-0.49992066621780396,-0.4419461190700531,-0.5811210870742798,-0.471372127532959,-0.4490398977654819,-0.48725768048849194,-0.5829868586347383,0.8088041543960571,0.07142578065395355,0.11977013200521469
2026-02,2026-01,南昌,https://www.stats.gov.cn/sj/zxfb/202602/t20260213_1962617.html,-0.3567523192191461,-0.3463216639617254,-0.5006362795829773,-0.4805242419242859,-0.42491772770881653,-0.47803419828414917,-0.47796139121055603,-0.3441157050288639,-0.4163592266042928,-0.4415466489843833,0.7382038831710815,0.09970244765281677,0.1620936244726181
2026-02,2026-01,厦门,https://www.stats.gov.cn/sj/zxfb/202602/t20260213_1962617.html,-0.1977037611097293,-0.20624133907661332,-0.17625796794891357,-0.1663587987422943,-0.11074570566415787,-0.18096129596233368,-0.07689055055379868,-0.18506714691944715,-0.16500937902429774,-0.08380864805720845,0.5321198105812073,0.15495750308036804,0.31292274594306946
2026-02,2026-01,合肥,https://www.stats.gov.cn/sj/zxfb/202602/t20260213_1962617.html,-0.0434675227050392,-0.040043030090871165,-0.058523327112197876,0.005253897048532963,0.020571498200297356,-0.003003716468811035,0.05096937716007233,-0.03083090851475706,-0.008271413586154311,0.02480766334129734,0.35861217975616455,0.14349104464054108,0.4978967607021332
2026-02,2026-01,吉林,https://www.stats.gov.cn/sj/zxfb/202602/t20260213_1962617.html,-0.1332444049394532,-0.13309357516134138,-0.24434763193130493,-0.19308419525623322,-0.11029507964849472,-0.20127931237220764,-0.1502595692873001,-0.12060779074917105,-0.15501091795767535,-0.13789732916517347,0.47543397545814514,0.1524161845445633,0.37214985489845276
2026-02,2026-01,呼和浩特,https://www.stats.gov.cn/sj/zxfb/202602/t20260213_1962617.html,-0.380364097063135,-0.38640397811996624,-0.5121980905532837,-0.4557366371154785,-0.4774504005908966,-0.50724858045578,-0.508898913860321,-0.36772748287285284,-0.4232564266043829,-0.5078213693558008,0.7741827368736267,0.09341512620449066,0.13240213692188263
2026-02,2026-01,哈尔滨,https://www.stats.gov.cn/sj/zxfb/202602/t20260213_1962617.html,-0.23578013805609277,-0.24677634065365026,-0.3480570316314697,-0.2500045895576477,-0.20380203425884247,-0.31533995270729065,-0.1613772064447403,-0.22314352386581063,-0.2314480030786717,-0.19104937163785815,0.5930055379867554,0.1448415219783783,0.2621529698371887
2026-02,2026-01,唐山,https://www.stats.gov.cn/sj/zxfb/202602/t20260213_1962617.html,-0.40337828559710454,-0.4077672918299173,-0.5208590030670166,-0.4757150709629059,-0.4276840388774872,-0.4926226735115051,-0.40983355045318604,-0.3907416714068224,-0.4323632278215609,-0.4221522494433976,0.7709168195724487,0.09993299096822739,0.12915022671222687
2026-02,2026-01,大理,https://www.stats.gov.cn/sj/zxfb/202602/t20260213_1962617.html,-0.26682519326993526,-0.2643729897970982,-0.39247456192970276,-0.28800350427627563,-0.21871109306812286,-0.31113821268081665,-0.17832313477993011,-0.2541885790796531,-0.26082596546376724,-0.18073069445197623,0.653367817401886,0.106325663626194,0.2403065413236618
2026-02,2026-01,大连,https://www.stats.gov.cn/sj/zxfb/202602/t20260213_1962617.html,-0.13905728560407232,-0.139153996454595,-0.2089402675628662,-0.04994437098503113,-0.06318657845258713,-0.15306785702705383,-0.012896791100502014,-0.12642067141379018,-0.07671761098665496,0.007878320193803643,0.43912333250045776,0.14855174720287323,0.4123249053955078
2026-02,2026-01,天津,https://www.stats.gov.cn/sj/zxfb/202602/t20260213_1962617.html,-0.4332694898384497,-0.441624356892683,-0.5242128372192383,-0.4658088684082031,-0.4907020330429077,-0.5390337705612183,-0.5981245636940002,-0.4206328756481676,-0.4571736932445708,-0.5621472519924332,0.8065118789672852,0.07254590839147568,0.1209421381354332
2026-02,2026-01,太原,https://www.stats.gov.cn/sj/zxfb/202602/t20260213_1962617.html,-0.16281658204619806,-0.16497960636994366,-0.3154345750808716,-0.23034754395484924,-0.09671808034181595,-0.28892070055007935,-0.19033432006835938,-0.15017996785591592,-0.18717985536114495,-0.16017583776696043,0.6267030239105225,0.11510513722896576,0.2581917941570282
2026-02,2026-01,宁波,https://www.stats.gov.cn/sj/zxfb/202602/t20260213_1962617.html,-0.1669448572852071,-0.16577834143435427,-0.3035077750682831,-0.25983870029449463,-0.27974650263786316,-0.2646591365337372,-0.24680227041244507,-0.15430824309492497,-0.207315177548124,-0.20471564878988394,0.5013922452926636,0.16776888072490692,0.3308389186859131
2026-02,2026-01,安庆,https://www.stats.gov.cn/sj/zxfb/202602/t20260213_1962617.html,-0.28775934571973405,-0.2810101643054252,-0.3259532153606415,-0.3035154342651367,-0.2938759922981262,-0.32152581214904785,-0.28678134083747864,-0.27512273152945194,-0.28986848549222605,-0.2928793925718392,0.6044051647186279,0.15812161564826965,0.23747320473194122
2026-02,2026-01,宜昌,https://www.stats.gov.cn/sj/zxfb/202602/t20260213_1962617.html,-0.27501485816359605,-0.26561484698390875,-0.28727325797080994,-0.2541711926460266,-0.25740084052085876,-0.32335329055786133,-0.3009735345840454,-0.2623782439733139,-0.26753900308408957,-0.3388498122064469,0.6276936531066895,0.11646318435668945,0.2558431625366211
2026-02,2026-01,岳阳,https://www.stats.gov.cn/sj/zxfb/202602/t20260213_1962617.html,-0.42458510547265305,-0.4140996157644561,-0.45601263642311096,-0.4328598380088806,-0.41736266016960144,-0.4415210783481598,-0.4140136241912842,-0.4119484912823709,-0.4216436511307865,-0.41493611175057205,0.7595925331115723,0.0994701161980629,0.14093735814094543
2026-02,2026-01,常德,https://www.stats.gov.cn/sj/zxfb/202602/t20260213_1962617.html,-0.49701462287913334,-0.4858979909262126,-0.5315563082695007,-0.497738778591156,-0.3773767054080963,-0.5463705062866211,-0.44930434226989746,-0.48437800868885117,-0.4914676370310198,-0.49403892909333574,0.8063055276870728,0.08233530819416046,0.11135928332805634
2026-02,2026-01,平顶山,https://www.stats.gov.cn/sj/zxfb/202602/t20260213_1962617.html,-0.31089895125096956,-0.3037567377097995,-0.33167052268981934,-0.3437686562538147,-0.3040161430835724,-0.3450525403022766,-0.30083179473876953,-0.2982623370606874,-0.3204282209296904,-0.31401033507847703,0.6744406819343567,0.12171175330877304,0.20384760200977325
2026-02,2026-01,广州,https://www.stats.gov.cn/sj/zxfb/202602/t20260213_1962617.html,-0.4716360490943926,-0.4711461051698706,-0.580110490322113,-0.5399094223976135,-0.4664967358112335,-0.5841209888458252,-0.49003663659095764,-0.45899943490411044,-0.5037185930832191,-0.5329696270478607,0.7909572124481201,0.08603071421384811,0.12301208078861237
2026-02,2026-01,徐州,https://www.stats.gov.cn/sj/zxfb/202602/t20260213_1962617.html,-0.5826148686334596,-0.5736362554883874,-0.6837790608406067,-0.6481484174728394,-0.5724086761474609,-0.6933873891830444,-0.6400533318519592,-0.5699782544431774,-0.6206425046594344,-0.7060422160247196,0.8740262985229492,0.044721297919750214,0.08125239610671997
2026-02,2026-01,惠州,https://www.stats.gov.cn/sj/zxfb/202602/t20260213_1962617.html,-0.3959129743879177,-0.39584710251664185,-0.48713716864585876,-0.3945799767971039,-0.32595619559288025,-0.45236736536026,-0.3165259063243866,-0.38327636019763556,-0.38556028444250967,-0.3592854496385562,0.7509508728981018,0.08403126895427704,0.16501787304878235
2026-02,2026-01,成都,https://www.stats.gov.cn/sj/zxfb/202602/t20260213_1962617.html,-0.31458229546782046,-0.3249121052603601,-0.5310710072517395,-0.44129157066345215,-0.3760294020175934,-0.5219703912734985,-0.45995715260505676,-0.30194568127753835,-0.38108792632494237,-0.4477457585942828,0.7713714838027954,0.08726772665977478,0.1413607895374298
2026-02,2026-01,扬州,https://www.stats.gov.cn/sj/zxfb/202602/t20260213_1962617.html,-0.19551057272693995,-0.19862259576349292,-0.2882286608219147,-0.22167637944221497,-0.3443897068500519,-0.30566078424453735,-0.23413394391536713,-0.1828739585366578,-0.2100747840511062,-0.26818344797977905,0.5975421071052551,0.12943726778030396,0.2730206251144409
2026-02,2026-01,无锡,https://www.stats.gov.cn/sj/zxfb/202602/t20260213_1962617.html,-0.30413629080798965,-0.3067257564948118,-0.4710053503513336,-0.4107789099216461,-0.20443081855773926,-0.42924991250038147,-0.3069622814655304,-0.29149967661770754,-0.34590271812783324,-0.300759529839862,0.7238163352012634,0.0984928235411644,0.17769086360931396
2026-02,2026-01,昆明,https://www.stats.gov.cn/sj/zxfb/202602/t20260213_1962617.html,-0.41753724242181156,-0.4226305636577932,-0.4630945920944214,-0.42481690645217896,-0.3189559876918793,-0.46414700150489807,-0.3795366585254669,-0.4049006282315294,-0.41053473445952515,-0.37657251553487914,0.7749274373054504,0.08928994089365005,0.13578267395496368
2026-02,2026-01,杭州,https://www.stats.gov.cn/sj/zxfb/202602/t20260213_1962617.html,-0.07003853531104456,-0.08391362855036281,-0.2727659046649933,-0.19560614228248596,-0.170970618724823,-0.25612419843673706,-0.19589324295520782,-0.05740192112076242,-0.1338551752460977,-0.1843360251080591,0.4948616623878479,0.15598547458648682,0.34915289282798767
2026-02,2026-01,桂林,https://www.stats.gov.cn/sj/zxfb/202602/t20260213_1962617.html,-0.47011585150612933,-0.4878169579260399,-0.5467097163200378,-0.50367271900177,-0.4633629322052002,-0.5445201992988586,-0.5236189961433411,-0.4574792373158472,-0.4853977119017605,-0.5203839933864917,0.8124061822891235,0.08291452378034592,0.10467936843633652
2026-02,2026-01,武汉,https://www.stats.gov.cn/sj/zxfb/202602/t20260213_1962617.html,-0.1729280078470937,-0.19177866898632287,-0.1996210664510727,-0.15817314386367798,-0.1272268295288086,-0.1614137887954712,-0.1185426414012909,-0.16029139365681155,-0.14924383399308133,-0.07282151201012448,0.5389355421066284,0.1605377197265625,0.3005267083644867
2026-02,2026-01,沈阳,https://www.stats.gov.cn/sj/zxfb/202602/t20260213_1962617.html,-0.15185468785777254,-0.1536986274157026,-0.21364933252334595,-0.16009464859962463,-0.15137526392936707,-0.22184424102306366,-0.16071251034736633,-0.1392180736674904,-0.15169581633327925,-0.16643757508244908,0.440898597240448,0.14687442779541016,0.41222697496414185
2026-02,2026-01,泉州,https://www.stats.gov.cn/sj/zxfb/202602/t20260213_1962617.html,-0.28476556585942203,-0.2941755487982148,-0.39247575402259827,-0.3609825074672699,-0.302655965089798,-0.373129665851593,-0.36150774359703064,-0.2721289516691399,-0.3202003345685863,-0.3443704883656247,0.6536241769790649,0.1362990438938141,0.21007685363292694
2026-02,2026-01,泸州,https://www.stats.gov.cn/sj/zxfb/202602/t20260213_1962617.html,-0.5882860629556939,-0.59047719154714,-0.6304051280021667,-0.5868261456489563,-0.6024084091186523,-0.6244863271713257,-0.6211881637573242,-0.5756494487654117,-0.585863511238581,-0.6208251941644797,0.8451666831970215,0.06532090157270432,0.08951234072446823
2026-02,2026-01,洛阳,https://www.stats.gov.cn/sj/zxfb/202602/t20260213_1962617.html,-0.4049869829828381,-0.40493584928016807,-0.4563145637512207,-0.43236446380615234,-0.3528728783130646,-0.45244845747947693,-0.4303154945373535,-0.39235036879255597,-0.41592575288992245,-0.44157161086623614,0.755478024482727,0.10372088849544525,0.14080113172531128
2026-02,2026-01,济南,https://www.stats.gov.cn/sj/zxfb/202602/t20260213_1962617.html,-0.22812521534065178,-0.23617801457928203,-0.3715256154537201,-0.32549959421157837,-0.32278749346733093,-0.37433844804763794,-0.3393360376358032,-0.21548860115036964,-0.276014706789787,-0.3136627337741375,0.686745285987854,0.12784744799137115,0.18540729582309723
2026-02,2026-01,济宁,https://www.stats.gov.cn/sj/zxfb/202602/t20260213_1962617.html,-0.4631316408075802,-0.4753812179375362,-0.5466619729995728,-0.4523342549800873,-0.47221875190734863,-0.5317089557647705,-0.546118974685669,-0.45049502661729807,-0.4609919055576268,-0.5342764232254854,0.8340137600898743,0.06572665274143219,0.10025955736637115
2026-02,2026-01,海口,https://www.stats.gov.cn/sj/zxfb/202602/t20260213_1962617.html,-0.2237788781808623,-0.25541117043287365,-0.40410327911376953,-0.312936395406723,-0.17067159712314606,-0.33960407972335815,-0.25410783290863037,-0.21114226399058017,-0.2562980421417379,-0.20802622029580645,0.7313016653060913,0.10760345309972763,0.16109485924243927
2026-02,2026-01,深圳,https://www.stats.gov.cn/sj/zxfb/202602/t20260213_1962617.html,-0.37791550980089184,-0.38248826931342456,-0.451198548078537,-0.4147132337093353,-0.32460954785346985,-0.45093268156051636,-0.3993033468723297,-0.36527889561060967,-0.39062188956900334,-0.3933307117601365,0.736103892326355,0.10358913987874985,0.16030696034431458
2026-02,2026-01,温州,https://www.stats.gov.cn/sj/zxfb/202602/t20260213_1962617.html,-0.45288575582369617,-0.43992168700385353,-0.4881836175918579,-0.4783480763435364,-0.443457692861557,-0.49397867918014526,-0.45525041222572327,-0.440249141633414,-0.46105080302003293,-0.4728657393256501,0.7577115893363953,0.09748658537864685,0.1448018103837967
2026-02,2026-01,湛江,https://www.stats.gov.cn/sj/zxfb/202602/t20260213_1962617.html,-0.4079427400920038,-0.4053379057955836,-0.4526175260543823,-0.38426604866981506,-0.2784435749053955,-0.39548611640930176,-0.38040733337402344,-0.3953061259017217,-0.39397456563514976,-0.42652405819051226,0.7261450886726379,0.0980382040143013,0.1758166253566742
2026-02,2026-01,烟台,https://www.stats.gov.cn/sj/zxfb/202602/t20260213_1962617.html,-0.3471269431909101,-0.3476747164307977,-0.4975492060184479,-0.43712562322616577,-0.36341777443885803,-0.4559830129146576,-0.44172176718711853,-0.334490329000628,-0.3907032156920909,-0.42387198407559795,0.7164957523345947,0.11141294240951538,0.1720913052558899
2026-02,2026-01,牡丹江,https://www.stats.gov.cn/sj/zxfb/202602/t20260213_1962617.html,-0.19477412231136204,-0.18635308927616592,-0.21172988414764404,-0.16903671622276306,-0.1672641783952713,-0.21122248470783234,-0.19814403355121613,-0.1821375081210799,-0.17646298405197494,-0.1837247424413584,0.5453959107398987,0.1440449059009552,0.3105591833591461
2026-02,2026-01,石家庄,https://www.stats.gov.cn/sj/zxfb/202602/t20260213_1962617.html,-0.22294785258330047,-0.2333126615437072,-0.3028305172920227,-0.2753366529941559,-0.26792287826538086,-0.3207291066646576,-0.27449676394462585,-0.21031123839301832,-0.24534140857351752,-0.2618826344360344,0.6177645921707153,0.12838606536388397,0.2538492977619171
2026-02,2026-01,福州,https://www.stats.gov.cn/sj/zxfb/202602/t20260213_1962617.html,-0.4120511392948697,-0.4205467236082953,-0.48698773980140686,-0.417898952960968,-0.3092941343784332,-0.4445714056491852,-0.3942701816558838,-0.3994145251045875,-0.4122626613573874,-0.43910449268851853,0.7572482824325562,0.09762562066316605,0.14512614905834198
2026-02,2026-01,秦皇岛,https://www.stats.gov.cn/sj/zxfb/202602/t20260213_1962617.html,-0.45811657521129634,-0.47332517861539253,-0.5448886752128601,-0.48527756333351135,-0.5225585103034973,-0.5353809595108032,-0.45957422256469727,-0.44547996102101417,-0.46690519794283103,-0.4769191747848418,0.7621648907661438,0.10729818046092987,0.13053691387176514
2026-02,2026-01,蚌埠,https://www.stats.gov.cn/sj/zxfb/202602/t20260213_1962617.html,-0.35240367170262543,-0.34559979277634223,-0.4018861949443817,-0.38954415917396545,-0.3319286108016968,-0.40102171897888184,-0.3850904405117035,-0.33976705751234326,-0.37010758617256156,-0.4097704055621029,0.7021481990814209,0.12068428099155426,0.17716749012470245
2026-02,2026-01,襄阳,https://www.stats.gov.cn/sj/zxfb/202602/t20260213_1962617.html,-0.4781805566890329,-0.4642843138393298,-0.6109610199928284,-0.5560066103935242,-0.5455074310302734,-0.5924724340438843,-0.5053648352622986,-0.46554394249875075,-0.5261975230750997,-0.6405168430168057,0.7989323139190674,0.0702648013830185,0.13080283999443054
2026-02,2026-01,西宁,https://www.stats.gov.cn/sj/zxfb/202602/t20260213_1962617.html,-0.2949056643928807,-0.2936929103757959,-0.3708527088165283,-0.31996503472328186,-0.16599686443805695,-0.33035239577293396,-0.25722357630729675,-0.28226905020259857,-0.3012576396963671,-0.30074469894893646,0.6796359419822693,0.11265675723552704,0.2077072560787201
2026-02,2026-01,西安,https://www.stats.gov.cn/sj/zxfb/202602/t20260213_1962617.html,-0.3828184386547846,-0.38339878483037887,-0.6591227650642395,-0.5803960561752319,-0.5405300259590149,-0.6200059056282043,-0.5764383673667908,-0.37018182446450243,-0.4849621192152368,-0.5501926229062685,0.7696523666381836,0.09864094853401184,0.1317066252231598
2026-02,2026-01,贵阳,https://www.stats.gov.cn/sj/zxfb/202602/t20260213_1962617.html,-0.2650579026874603,-0.26016977978356565,-0.36436399817466736,-0.3363608717918396,-0.3735857903957367,-0.38518035411834717,-0.3362516164779663,-0.25242128849717815,-0.2988648926207075,-0.32959405541649406,0.6342946290969849,0.15198099613189697,0.21372437477111816
2026-02,2026-01,赣州,https://www.stats.gov.cn/sj/zxfb/202602/t20260213_1962617.html,-0.3947079648667192,-0.401419249087668,-0.5061598420143127,-0.45169249176979065,-0.4356521666049957,-0.48879772424697876,-0.4705158472061157,-0.38207135067643705,-0.42042030181850765,-0.4445879474820759,0.7351872324943542,0.1093209832906723,0.15549179911613464
2026-02,2026-01,遵义,https://www.stats.gov.cn/sj/zxfb/202602/t20260213_1962617.html,-0.19020216609345744,-0.18900086220192033,-0.29426780343055725,-0.245480015873909,-0.25192025303840637,-0.30378061532974243,-0.23140127956867218,-0.1775655519031753,-0.2114100278070134,-0.20768185691910554,0.5748080611228943,0.14460334181785583,0.2805885672569275
2026-02,2026-01,郑州,https://www.stats.gov.cn/sj/zxfb/202602/t20260213_1962617.html,-0.42525542715794873,-0.4313847627858464,-0.4574858248233795,-0.4566415846347809,-0.3980782926082611,-0.4624813199043274,-0.39460766315460205,-0.41261881296766656,-0.43351165347499665,-0.42308680118763736,0.759975016117096,0.08989395946264267,0.1501309722661972
2026-02,2026-01,重庆,https://www.stats.gov.cn/sj/zxfb/202602/t20260213_1962617.html,-0.20445056310868767,-0.20793357524604458,-0.31897208094596863,-0.29055458307266235,-0.2731664478778839,-0.30260223150253296,-0.23543329536914825,-0.19181394891840553,-0.24007994324410603,-0.22745617832376672,0.553954005241394,0.1435922384262085,0.30245381593704224
2026-02,2026-01,金华,https://www.stats.gov.cn/sj/zxfb/202602/t20260213_1962617.html,-0.4647251909238451,-0.4613679880065101,-0.5556238889694214,-0.5105608105659485,-0.4251469671726227,-0.5351371169090271,-0.5084934830665588,-0.45208857673356295,-0.4861774104631138,-0.5208831370471231,0.7938613891601562,0.09486900269985199,0.11126967519521713
2026-02,2026-01,银川,https://www.stats.gov.cn/sj/zxfb/202602/t20260213_1962617.html,-0.21540737620932818,-0.2178250118482066,-0.3628943860530853,-0.28649795055389404,-0.3295542895793915,-0.3274732232093811,-0.2492161989212036,-0.20277076201904604,-0.24717321890226285,-0.26308957483128964,0.5735095739364624,0.15184181928634644,0.2746485471725464
2026-02,2026-01,锦州,https://www.stats.gov.cn/sj/zxfb/202602/t20260213_1962617.html,-0.24123614780439814,-0.23746232987536656,-0.2856486439704895,-0.21278667449951172,-0.24268877506256104,-0.2944429814815521,-0.325126975774765,-0.228599533614116,-0.22751779785342832,-0.28046207135803075,0.6164303421974182,0.1211525946855545,0.2624170482158661
2026-02,2026-01,长春,https://www.stats.gov.cn/sj/zxfb/202602/t20260213_1962617.html,-0.23617241169653982,-0.22162082507143674,-0.26929911971092224,-0.1902959793806076,-0.2753105163574219,-0.259144127368927,-0.24626030027866364,-0.22353579750625768,-0.2141860060069241,-0.2712772609491099,0.5448610186576843,0.10816772282123566,0.3469712734222412
2026-02,2026-01,长沙,https://www.stats.gov.cn/sj/zxfb/202602/t20260213_1962617.html,-0.28371254121152245,-0.2862180790315869,-0.42423319816589355,-0.41722574830055237,-0.2907784879207611,-0.4418485760688782,-0.32840022444725037,-0.2710759270212403,-0.3431632284989413,-0.32943389574757387,0.7276929020881653,0.1110384464263916,0.1612686961889267
2026-02,2026-01,青岛,https://www.stats.gov.cn/sj/zxfb/202602/t20260213_1962617.html,-0.375110210780095,-0.3776722091893222,-0.5567337870597839,-0.49868592619895935,-0.48508819937705994,-0.5359625816345215,-0.5061437487602234,-0.3624735965898128,-0.43776432512488184,-0.48705318221021,0.7377637028694153,0.10710479319095612,0.15513154864311218
2026-02,2026-01,韶关,https://www.stats.gov.cn/sj/zxfb/202602/t20260213_1962617.html,-0.2290145994452936,-0.22392053649782573,-0.21584837138652802,-0.16911016404628754,-0.22063611447811127,-0.20402903854846954,-0.19181807339191437,-0.21637798525501145,-0.19279315168107636,-0.19516271742717706,0.5261584520339966,0.15434205532073975,0.31949955224990845
