city,forecast_month,pred_ridge_25,pred_fair_tcn
三亚,2026-02,-0.122401689360909,-0.17997302
上海,2026-02,0.08732287200709071,0.012265402
丹东,2026-02,-0.19191570355809887,-0.21023516
乌鲁木齐,2026-02,-0.19474186462637877,-0.24492498
九江,2026-02,-0.36537794871223295,-0.42759132
兰州,2026-02,-0.4040274268987659,-0.43822473
包头,2026-02,-0.5366269295044438,-0.5286093
北京,2026-02,-0.22175878649751307,-0.31546926
北海,2026-02,-0.43577002537617415,-0.42714673
南京,2026-02,-0.21943108738731648,-0.3453698
南充,2026-02,-0.16412210984517273,-0.12991841
南宁,2026-02,-0.4490398977654819,-0.49992067
南昌,2026-02,-0.3441157050288639,-0.48052424
厦门,2026-02,-0.18506714691944715,-0.1663588
合肥,2026-02,-0.03083090851475706,0.005253897
吉林,2026-02,-0.12060779074917105,-0.1930842
呼和浩特,2026-02,-0.36772748287285284,-0.45573664
哈尔滨,2026-02,-0.22314352386581063,-0.2500046
唐山,2026-02,-0.3907416714068224,-0.47571507
大理,2026-02,-0.2541885790796531,-0.2880035
大连,2026-02,-0.12642067141379018,-0.04994437
天津,2026-02,-0.4206328756481676,-0.46580887
太原,2026-02,-0.15017996785591592,-0.23034754
宁波,2026-02,-0.15430824309492497,-0.2598387
安庆,2026-02,-0.27512273152945194,-0.30351543
宜昌,2026-02,-0.2623782439733139,-0.2541712
岳阳,2026-02,-0.4119484912823709,-0.43285984
常德,2026-02,-0.48437800868885117,-0.49773878
平顶山,2026-02,-0.2982623370606874,-0.34376866
广州,2026-02,-0.45899943490411044,-0.5399094
徐州,2026-02,-0.5699782544431774,-0.6481484
惠州,2026-02,-0.38327636019763556,-0.39457998
成都,2026-02,-0.30194568127753835,-0.44129157
扬州,2026-02,-0.1828739585366578,-0.22167638
无锡,2026-02,-0.29149967661770754,-0.4107789
昆明,2026-02,-0.4049006282315294,-0.4248169
杭州,2026-02,-0.05740192112076242,-0.19560614
桂林,2026-02,-0.4574792373158472,-0.5036727
武汉,2026-02,-0.16029139365681155,-0.15817314
沈阳,2026-02,-0.1392180736674904,-0.16009465
泉州,2026-02,-0.2721289516691399,-0.3609825
泸州,2026-02,-0.5756494487654117,-0.58682615
洛阳,2026-02,-0.39235036879255597,-0.43236446
济南,2026-02,-0.21548860115036964,-0.3254996
济宁,2026-02,-0.45049502661729807,-0.45233425
海口,2026-02,-0.21114226399058017,-0.3129364
深圳,2026-02,-0.36527889561060967,-0.41471323
温州,2026-02,-0.440249141633414,-0.47834808
湛江,2026-02,-0.3953061259017217,-0.38426605
烟台,2026-02,-0.334490329000628,-0.43712562
牡丹江,2026-02,-0.1821375081210799,-0.16903672
石家庄,2026-02,-0.21031123839301832,-0.27533665
福州,2026-02,-0.3994145251045875,-0.41789895
秦皇岛,2026-02,-0.44547996102101417,-0.48527756
蚌埠,2026-02,-0.33976705751234326,-0.38954416
襄阳,2026-02,-0.46554394249875075,-0.5560066
西宁,2026-02,-0.28226905020259857,-0.31996503
西安,2026-02,-0.37018182446450243,-0.58039606
贵阳,2026-02,-0.25242128849717815,-0.33636087
赣州,2026-02,-0.38207135067643705,-0.4516925
遵义,2026-02,-0.1775655519031753,-0.24548002
郑州,2026-02,-0.41261881296766656,-0.45664158
重庆,2026-02,-0.19181394891840553,-0.29055458
金华,2026-02,-0.45208857673356295,-0.5105608
银川,2026-02,-0.20277076201904604,-0.28649795
锦州,2026-02,-0.228599533614116,-0.21278667
长春,2026-02,-0.22353579750625768,-0.19029598
长沙,2026-02,-0.2710759270212403,-0.41722575
青岛,2026-02,-0.3624735965898128,-0.49868593
韶关,2026-02,-0.21637798525501145,-0.16911016
