city,case,mae_pp
济南,last_month,0.23846154098327338
济南,ridge_25,0.168255721487325
济南,fair_tcn,0.17416715306731367
济南,online_ensemble,0.1798339839518312
济宁,last_month,0.1461538438613598
济宁,ridge_25,0.17101638741766062
济宁,fair_tcn,0.15713712916924402
济宁,online_ensemble,0.1555872383920226
烟台,last_month,0.2769230785278174
烟台,ridge_25,0.2208811599737241
烟台,fair_tcn,0.20822615073277403
烟台,online_ensemble,0.21003015544149523
青岛,last_month,0.16153846245545608
青岛,ridge_25,0.12011528556202425
青岛,fair_tcn,0.12431269459999526
青岛,online_ensemble,0.12285459850187924
