target_month,input_month,city,input_source_url,actual_change_pct,target_source_url,pred_bias_0.5_0.5,pred_decomp_ridge,pred_decomp_tcn,pred_fair_tcn,pred_legacy_tcn,pred_multitask_0.05_weighted,pred_revin_tcn,pred_ridge_25,pred_last_month,pred_online_ensemble,pred_uniform_ensemble,prob_multitask_0.05_weighted_fall,prob_multitask_0.05_weighted_flat,prob_multitask_0.05_weighted_rise
2025-01,2024-12,济南,https://www.stats.gov.cn/sj/zxfb/202501/t20250117_1958323.html,-0.2,https://www.stats.gov.cn/sj/zxfb/202502/t20250219_1958761.html,-0.0210917998125154,-0.082039693669994,0.1466186791658401,0.0252224616706371,-0.0404929257929325,0.0042444854043424,0.2339546531438827,-0.0874634771497584,-0.1000000014901161,-0.0138601183103795,-0.0540803389897458,0.4474697113037109,0.0807912126183509,0.4717390537261963
2025-01,2024-12,济宁,https://www.stats.gov.cn/sj/zxfb/202501/t20250117_1958323.html,-0.2,https://www.stats.gov.cn/sj/zxfb/202502/t20250219_1958761.html,-0.0805505289056308,-0.1646131389978452,0.0170639008283615,-0.1287860423326492,-0.2544982731342315,0.0243302192538976,-0.2992269694805145,-0.1469222062428738,-0.4000000059604645,-0.1363485773891532,-0.2252360848453292,0.4576801359653473,0.0987849384546279,0.4435350000858307
2025-01,2024-12,烟台,https://www.stats.gov.cn/sj/zxfb/202501/t20250117_1958323.html,-0.4,https://www.stats.gov.cn/sj/zxfb/202502/t20250219_1958761.html,-0.1074378100059011,-0.1927862856668413,-0.0969714596867561,-0.2039364278316497,-0.1746642589569091,-0.106840893626213,-0.2441806346178054,-0.1738094873431442,-0.3000000119209289,-0.1941441188005149,-0.2259153090319076,0.4789873659610748,0.083155557513237,0.437857061624527
2025-01,2024-12,青岛,https://www.stats.gov.cn/sj/zxfb/202501/t20250117_1958323.html,0.1,https://www.stats.gov.cn/sj/zxfb/202502/t20250219_1958761.html,0.1198898816650184,0.0452345514184898,0.1210839748382568,0.0328155383467674,0.1623199135065078,0.1523426175117492,0.0796751081943512,0.0535182043277754,0.3000000119209289,0.041233330137029,0.1287779181984906,0.2864699065685272,0.0598537698388099,0.6536762714385986
2025-02,2025-01,济南,https://www.stats.gov.cn/sj/zxfb/202502/t20250219_1958761.html,0.3,https://www.stats.gov.cn/sj/zxfb/202503/t20250317_1959009.html,-0.0114130403599013,-0.0339087884769972,-0.000744370103348,-0.0284586101770401,-0.2402539402246475,-0.0134406089782714,0.1071881353855133,-0.0507158018300936,-0.2000000029802322,-0.0442096572667348,-0.093058138329122,0.4217584133148193,0.0948403850197792,0.4834011495113373
2025-02,2025-01,济宁,https://www.stats.gov.cn/sj/zxfb/202502/t20250219_1958761.html,-0.3,https://www.stats.gov.cn/sj/zxfb/202503/t20250317_1959009.html,-0.1133327724076511,-0.1619627956191419,-0.1286696046590805,-0.1160257458686828,-0.1750550419092178,-0.104525089263916,-0.2093610316514969,-0.1526355338778435,-0.2000000029802322,-0.1356693692253402,-0.1562204275755862,0.4533465802669525,0.1166582554578781,0.4299951493740082
2025-02,2025-01,烟台,https://www.stats.gov.cn/sj/zxfb/202502/t20250219_1958761.html,-0.6,https://www.stats.gov.cn/sj/zxfb/202503/t20250317_1959009.html,-0.1589872987742268,-0.2189586928156571,-0.2438908219337463,-0.2364116609096527,-0.2757666409015655,-0.1970851123332977,-0.3130635321140289,-0.1982900602444191,-0.4000000059604645,-0.2238917411798387,-0.2782339090381787,0.5493114590644836,0.1144383773207664,0.3362500965595245
2025-02,2025-01,青岛,https://www.stats.gov.cn/sj/zxfb/202502/t20250219_1958761.html,0.0,https://www.stats.gov.cn/sj/zxfb/202503/t20250317_1959009.html,0.103741869867289,0.0671327821943923,0.0433433838188648,0.0340877808630466,0.0208894591778516,0.0828222185373306,0.0763995721936225,0.0644391083970967,0.1000000014901161,0.0502561546141709,0.0661756302500864,0.2640954852104187,0.0822835713624954,0.6536209583282471
2025-03,2025-02,济南,https://www.stats.gov.cn/sj/zxfb/202503/t20250317_1959009.html,0.3,https://www.stats.gov.cn/sj/zxfb/202504/t20250416_1959311.html,0.0458054532457236,0.063400983315762,0.0519917570054531,-0.0079841315746307,-0.0576401054859161,0.0240876860916614,0.0028257668018341,0.0401532005573693,0.3000000119209289,0.023373403428121,0.1107230269678892,0.3635051846504211,0.1029294356703758,0.5335654020309448
2025-03,2025-02,济宁,https://www.stats.gov.cn/sj/zxfb/202503/t20250317_1959009.html,-0.2,https://www.stats.gov.cn/sj/zxfb/202504/t20250416_1959311.html,-0.2316766252385175,-0.2286959701331027,-0.2425296157598495,-0.2537797093391418,-0.2399498671293258,-0.2380703240633011,-0.2779111564159393,-0.2373288779268718,-0.3000000119209289,-0.247212490193335,-0.2637028663956475,0.5553705096244812,0.1231844425201416,0.3214450478553772
2025-03,2025-02,烟台,https://www.stats.gov.cn/sj/zxfb/202503/t20250317_1959009.html,-0.4,https://www.stats.gov.cn/sj/zxfb/202504/t20250416_1959311.html,-0.3777372758075355,-0.3515499740061754,-0.4392399489879608,-0.4226745665073395,-0.4767147600650787,-0.3913601338863373,-0.490393728017807,-0.3833895284958898,-0.6000000238418579,-0.408825762552244,-0.4686880396150291,0.7436701059341431,0.0825228542089462,0.1738070994615554
2025-03,2025-02,青岛,https://www.stats.gov.cn/sj/zxfb/202503/t20250317_1959009.html,0.2,https://www.stats.gov.cn/sj/zxfb/202504/t20250416_1959311.html,-0.0327270172395184,0.0077107144973541,-0.0464803092181682,-0.132384568452835,-0.0806695520877838,-0.0154806347563862,-0.0733035206794738,-0.0383792699278727,0.0,-0.0839964041812963,-0.0569212794602359,0.3375055491924286,0.1115117520093917,0.550982654094696
2025-04,2025-03,济南,https://www.stats.gov.cn/sj/zxfb/202504/t20250416_1959311.html,0.0,https://www.stats.gov.cn/sj/zxfb/202505/t20250519_1959852.html,0.189086991398761,0.1508732697716861,0.2377518862485885,0.1059630885720253,0.050110712647438,0.186583012342453,0.1521430164575576,0.1664144691778659,0.3000000119209289,0.1463063944618604,0.1907925232236067,0.331297755241394,0.0932957082986831,0.5754064917564392
2025-04,2025-03,济宁,https://www.stats.gov.cn/sj/zxfb/202504/t20250416_1959311.html,-0.3,https://www.stats.gov.cn/sj/zxfb/202505/t20250519_1959852.html,-0.1781528855887047,-0.1750168251129747,-0.1101344525814056,-0.1902148425579071,-0.2241581529378891,-0.1238166838884353,-0.2004223018884658,-0.2008254078095998,-0.2000000029802322,-0.1967372970193869,-0.1970134177825797,0.4987280368804931,0.1035492196679115,0.3977228105068207
2025-04,2025-03,烟台,https://www.stats.gov.cn/sj/zxfb/202504/t20250416_1959311.html,0.1,https://www.stats.gov.cn/sj/zxfb/202505/t20250519_1959852.html,-0.2752119582313894,-0.290591984797003,-0.2617576122283935,-0.3342023491859436,-0.3249783813953399,-0.2499133646488189,-0.3584065437316894,-0.2978844804522845,-0.4000000059604645,-0.3141626898421368,-0.3440289451995642,0.6296924352645874,0.1053924113512039,0.2649151682853699
2025-04,2025-03,青岛,https://www.stats.gov.cn/sj/zxfb/202504/t20250416_1959311.html,0.1,https://www.stats.gov.cn/sj/zxfb/202505/t20250519_1959852.html,0.0735678135214543,0.0529918422219929,0.1999097615480423,0.0425299294292926,0.0366452299058437,0.1706890761852264,0.0472398698329925,0.0508952913005592,0.2000000029802322,0.0511192220070782,0.0978084079033613,0.2832223773002624,0.101987637579441,0.6147899627685547
2025-05,2025-04,济南,https://www.stats.gov.cn/sj/zxfb/202505/t20250519_1959852.html,-0.3,https://www.stats.gov.cn/xxgk/sjfb/zxfb2020/202506/t20250616_1960163.html,-0.0901191973791553,-0.012271771134375,0.1529809087514877,-0.1178697347640991,-0.1310531198978424,0.1314804553985595,-0.0704155936837196,-0.1015078639099611,0.0,-0.1036730647489909,-0.0731258662246867,0.4500953555107116,0.0934615582227706,0.4564430117607116
2025-05,2025-04,济宁,https://www.stats.gov.cn/sj/zxfb/202505/t20250519_1959852.html,-0.4,https://www.stats.gov.cn/xxgk/sjfb/zxfb2020/202506/t20250616_1960163.html,-0.4233261402887695,-0.3284694893190783,-0.2117172479629516,-0.3425893187522888,-0.3608399927616119,-0.1715420037508011,-0.3066475391387939,-0.4347148068195754,-0.3000000119209289,-0.3907504189688209,-0.3591013791642644,0.7154359817504883,0.0754701346158981,0.2090938985347747
2025-05,2025-04,烟台,https://www.stats.gov.cn/sj/zxfb/202505/t20250519_1959852.html,-0.1,https://www.stats.gov.cn/xxgk/sjfb/zxfb2020/202506/t20250616_1960163.html,-0.316603826908428,-0.2188024558274251,-0.1426789909601211,-0.2835113406181335,-0.1703473329544067,-0.1302985697984695,-0.1066835448145866,-0.3279924934392338,0.1000000014901161,-0.290436647997834,-0.1705012775224171,0.6134031414985657,0.0760002881288528,0.3105965554714203
2025-05,2025-04,青岛,https://www.stats.gov.cn/sj/zxfb/202505/t20250519_1959852.html,0.0,https://www.stats.gov.cn/xxgk/sjfb/zxfb2020/202506/t20250616_1960163.html,-0.1227194730490851,-0.0529309440062916,0.167701318860054,-0.0896428078413009,-0.0202877055853605,0.1341637074947357,-0.0677958652377128,-0.134108139579891,0.1000000014901161,-0.1052813395778532,-0.0412503153103586,0.3748302459716797,0.1068632453680038,0.5183065533638
2025-06,2025-05,济南,https://www.stats.gov.cn/xxgk/sjfb/zxfb2020/202506/t20250616_1960163.html,-0.1,https://www.stats.gov.cn/sj/zxfb/202507/t20250715_1960403.html,-0.3281453537289836,-0.2256293029857805,-0.1776856631040573,-0.2485043704509735,-0.3830030858516693,-0.2216338366270065,-0.2632402181625366,-0.3519822801830689,-0.3000000119209289,-0.3039424406506719,-0.3001622208516571,0.6581804752349854,0.0838430821895599,0.2579764723777771
2025-06,2025-05,济宁,https://www.stats.gov.cn/xxgk/sjfb/zxfb2020/202506/t20250616_1960163.html,-0.2,https://www.stats.gov.cn/sj/zxfb/202507/t20250715_1960403.html,-0.5869259881004695,-0.4727625003156047,-0.472238689661026,-0.4916722774505615,-0.5364291071891785,-0.4515772759914398,-0.4114817082881927,-0.6107629145545548,-0.4000000059604645,-0.5469474814636549,-0.5008117326551936,0.8155342936515808,0.0566252991557121,0.1278404295444488
2025-06,2025-05,烟台,https://www.stats.gov.cn/xxgk/sjfb/zxfb2020/202506/t20250616_1960163.html,-0.8,https://www.stats.gov.cn/sj/zxfb/202507/t20250715_1960403.html,-0.4689631327967919,-0.3340732585863933,-0.3763283789157867,-0.4493129253387451,-0.2609866857528686,-0.3807238042354584,-0.3269366919994354,-0.4928000592508772,-0.1000000014901161,-0.4516536761349902,-0.3473709953599128,0.7436980605125427,0.0696061849594116,0.1866956800222396
2025-06,2025-05,青岛,https://www.stats.gov.cn/xxgk/sjfb/zxfb2020/202506/t20250616_1960163.html,-0.2,https://www.stats.gov.cn/sj/zxfb/202507/t20250715_1960403.html,-0.2707885329688911,-0.1645082249964161,-0.0402799844741821,-0.1601246297359466,-0.041562233120203,-0.0704139024019241,-0.0781340971589088,-0.2946254594229764,0.0,-0.219355275823719,-0.1515833630529743,0.503849446773529,0.1125771403312683,0.3835734128952026
2025-07,2025-06,济南,https://www.stats.gov.cn/sj/zxfb/202507/t20250715_1960403.html,-0.3,https://www.stats.gov.cn/sj/zxfb/202508/t20250815_1960781.html,-0.2744048932138498,-0.252554084958506,-0.1678263396024704,-0.2441780120134353,-0.3430005013942718,-0.178052619099617,-0.2053015679121017,-0.3379136488686775,-0.1000000014901161,-0.2343549618160111,-0.2273638874574096,0.7213839888572693,0.0708030462265014,0.2078129351139068
2025-07,2025-06,济宁,https://www.stats.gov.cn/sj/zxfb/202507/t20250715_1960403.html,-0.2,https://www.stats.gov.cn/sj/zxfb/202508/t20250815_1960781.html,-0.4839808644147486,-0.4534684585916112,-0.409771054983139,-0.4691665172576904,-0.4830172955989837,-0.4107275903224945,-0.2807688415050506,-0.5474896200695762,-0.2000000029802322,-0.4316031305416964,-0.4055520467691663,0.8478984832763672,0.0433506704866886,0.1087508648633956
2025-07,2025-06,烟台,https://www.stats.gov.cn/sj/zxfb/202507/t20250715_1960403.html,-0.3,https://www.stats.gov.cn/sj/zxfb/202508/t20250815_1960781.html,-0.5787686976918567,-0.5335611806135112,-0.4219132661819458,-0.5744544863700867,-0.6521646976470947,-0.4776505529880523,-0.63138347864151,-0.6422774533466844,-0.800000011920929,-0.6324694444871493,-0.6722439838792335,0.8879480361938477,0.0309286527335643,0.0811233595013618
2025-07,2025-06,青岛,https://www.stats.gov.cn/sj/zxfb/202507/t20250715_1960403.html,-0.4,https://www.stats.gov.cn/sj/zxfb/202508/t20250815_1960781.html,-0.3107364769404006,-0.264498017656503,-0.1274304538965225,-0.2480863779783249,-0.2800284028053283,-0.155615359544754,-0.208958625793457,-0.3742452325952282,-0.2000000029802322,-0.2636816420894156,-0.2741105378512617,0.6789363026618958,0.0697294771671295,0.2513342499732971
2025-08,2025-07,济南,https://www.stats.gov.cn/sj/zxfb/202508/t20250815_1960781.html,-0.6,https://www.stats.gov.cn/sj/zxfb/202509/t20250915_1961175.html,-0.2852905971414297,-0.3009511686920058,-0.2091922014951706,-0.3277602791786194,-0.3252491354942322,-0.2403421700000763,-0.3048074543476105,-0.3630840934675832,-0.3000000119209289,-0.3303313170722064,-0.3302814615223772,0.7666981816291809,0.0705642327666282,0.162737637758255
2025-08,2025-07,济宁,https://www.stats.gov.cn/sj/zxfb/202508/t20250815_1960781.html,-0.5,https://www.stats.gov.cn/sj/zxfb/202509/t20250915_1961175.html,-0.4295089158228058,-0.4383449788917083,-0.4197453260421753,-0.4629531502723694,-0.5099952816963196,-0.3812150061130523,-0.280021458864212,-0.5073024121489593,-0.2000000029802322,-0.4330105351255656,-0.390085188467187,0.8154988288879395,0.0528299137949943,0.1316712796688079
2025-08,2025-07,烟台,https://www.stats.gov.cn/sj/zxfb/202508/t20250815_1960781.html,-0.4,https://www.stats.gov.cn/sj/zxfb/202509/t20250915_1961175.html,-0.4487478790215019,-0.4609379090995438,-0.4115326702594757,-0.4762358665466308,-0.5542821884155273,-0.3809185028076172,-0.4830307066440582,-0.5265413753476554,-0.3000000119209289,-0.4600180089938344,-0.4342590846050718,0.859632134437561,0.0470150932669639,0.0933528542518615
2025-08,2025-07,青岛,https://www.stats.gov.cn/sj/zxfb/202508/t20250815_1960781.html,-0.3,https://www.stats.gov.cn/sj/zxfb/202509/t20250915_1961175.html,-0.3726323970601254,-0.372307011870497,-0.2575844228267669,-0.3897334933280945,-0.4231777489185333,-0.2692782282829284,-0.4000366926193237,-0.450425893386279,-0.4000000059604645,-0.4025800913689431,-0.413386464224946,0.7705845236778259,0.0674343109130859,0.1619811505079269
2025-09,2025-08,济南,https://www.stats.gov.cn/sj/zxfb/202509/t20250915_1961175.html,-0.4,https://www.stats.gov.cn/sj/zxfb/202510/t20251020_1961597.html,-0.3370707474955486,-0.3885468562143999,-0.2787178158760071,-0.4870196282863617,-0.4748412370681762,-0.3543550670146942,-0.4411350190639496,-0.4212668768217033,-0.6000000238418579,-0.4894103530614034,-0.502762176316641,0.8213691711425781,0.0614856481552124,0.1171452030539512
2025-09,2025-08,济宁,https://www.stats.gov.cn/sj/zxfb/202509/t20250915_1961175.html,-0.3,https://www.stats.gov.cn/sj/zxfb/202510/t20251020_1961597.html,-0.4242701151338197,-0.4827287721714048,-0.3897619247436523,-0.4841610491275787,-0.6016063094139099,-0.4002166390419006,-0.4699623882770538,-0.5084662444599743,-0.5,-0.4900288169605372,-0.497542431195851,0.8433533906936646,0.0558933094143867,0.1007532328367233
2025-09,2025-08,烟台,https://www.stats.gov.cn/sj/zxfb/202509/t20250915_1961175.html,-0.2,https://www.stats.gov.cn/sj/zxfb/202510/t20251020_1961597.html,-0.3780327991649921,-0.4633584555519952,-0.4624630212783813,-0.5334709286689758,-0.4686009883880615,-0.4545687735080719,-0.4612080156803131,-0.4622289284911468,-0.4000000059604645,-0.5060691513931465,-0.4652332877068623,0.8374091982841492,0.0570570528507232,0.1055337414145469
2025-09,2025-08,青岛,https://www.stats.gov.cn/sj/zxfb/202509/t20250915_1961175.html,-0.5,https://www.stats.gov.cn/sj/zxfb/202510/t20251020_1961597.html,-0.3102267801431214,-0.3789304944195896,-0.3116705119609833,-0.4598048627376556,-0.4464922845363617,-0.3290785551071167,-0.390028715133667,-0.394422909469276,-0.3000000119209289,-0.4302836160881446,-0.3847425947092868,0.7721545100212097,0.0757472738623619,0.1520982086658477
2025-10,2025-09,济南,https://www.stats.gov.cn/sj/zxfb/202510/t20251020_1961597.html,-0.7,https://www.stats.gov.cn/sj/zxfb/202511/t20251114_1961850.html,-0.3366102624232233,-0.3782331607279057,-0.4388079345226288,-0.4894648492336273,-0.5419772267341614,-0.4638632833957672,-0.4012450873851776,-0.3764416685969138,-0.4000000059604645,-0.4537679163513964,-0.4219688412636685,0.8231990933418274,0.065544456243515,0.1112564578652381
2025-10,2025-09,济宁,https://www.stats.gov.cn/sj/zxfb/202510/t20251020_1961597.html,-0.3,https://www.stats.gov.cn/sj/zxfb/202511/t20251114_1961850.html,-0.3893239724045665,-0.4307064366687202,-0.4742512702941894,-0.4271915853023529,-0.5426187515258789,-0.4625439047813415,-0.3391828835010528,-0.429155378578257,-0.3000000119209289,-0.4228530326929225,-0.3854489919338462,0.787591814994812,0.0735469609498977,0.1388611793518066
2025-10,2025-09,烟台,https://www.stats.gov.cn/sj/zxfb/202510/t20251020_1961597.html,-0.4,https://www.stats.gov.cn/sj/zxfb/202511/t20251114_1961850.html,-0.3223560606744263,-0.3649670812715848,-0.4742096960544586,-0.443523108959198,-0.3912198543548584,-0.4656896591186523,-0.354076474905014,-0.3621874668481168,-0.2000000029802322,-0.410934477432533,-0.335236859595849,0.7554644346237183,0.0888542085886001,0.155681312084198
2025-10,2025-09,青岛,https://www.stats.gov.cn/sj/zxfb/202510/t20251020_1961597.html,-0.4,https://www.stats.gov.cn/sj/zxfb/202511/t20251114_1961850.html,-0.3649877729123996,-0.4144225389002226,-0.5034055709838867,-0.5033662915229797,-0.5064112544059753,-0.4933837056159973,-0.4666378498077392,-0.4048191790860901,-0.5,-0.4751162743025689,-0.4693951568696899,0.7879277467727661,0.0702980607748031,0.1417741477489471
2025-11,2025-10,济南,https://www.stats.gov.cn/sj/zxfb/202511/t20251114_1961850.html,-0.4,https://www.stats.gov.cn/sj/zxfb/202512/t20251215_1962069.html,-0.3788506443421192,-0.414363363396469,-0.521332859992981,-0.4910138249397278,-0.5710021257400513,-0.5453695058822632,-0.4984612464904785,-0.3875942805942053,-0.699999988079071,-0.4687587711625713,-0.5262026978710014,0.8524419069290161,0.0598375909030437,0.0877205282449722
2025-11,2025-10,济宁,https://www.stats.gov.cn/sj/zxfb/202511/t20251114_1961850.html,-0.7,https://www.stats.gov.cn/sj/zxfb/202512/t20251215_1962069.html,-0.3126714933764359,-0.3435660295862019,-0.438217431306839,-0.3483575284481048,-0.43398317694664,-0.4354349970817566,-0.3170580565929413,-0.3214151296285221,-0.3000000119209289,-0.3377991051713226,-0.323257556665852,0.7051196694374084,0.0973805487155914,0.1974998116493225
2025-11,2025-10,烟台,https://www.stats.gov.cn/sj/zxfb/202511/t20251114_1961850.html,-0.6,https://www.stats.gov.cn/sj/zxfb/202512/t20251215_1962069.html,-0.3689125915587032,-0.3823807951111218,-0.4893706738948822,-0.4661129415035248,-0.4341680109500885,-0.4948992729187011,-0.4001455307006836,-0.3776562278107893,-0.4000000059604645,-0.4357384321162397,-0.4145897250915928,0.7825024724006653,0.0741694569587707,0.1433280557394027
2025-11,2025-10,青岛,https://www.stats.gov.cn/sj/zxfb/202511/t20251114_1961850.html,-0.2,https://www.stats.gov.cn/sj/zxfb/202512/t20251215_1962069.html,-0.3282465758886088,-0.3514082137710139,-0.5155050754547119,-0.4674342274665832,-0.5229890942573547,-0.4799312651157379,-0.3995190560817718,-0.3369902121406949,-0.4000000059604645,-0.4240340593953515,-0.4014748151892475,0.7634965181350708,0.0815303996205329,0.1549730747938156
2025-12,2025-11,济南,https://www.stats.gov.cn/sj/zxfb/202512/t20251215_1962069.html,-0.2,https://www.stats.gov.cn/sj/zxfb/202601/t20260119_1962319.html,-0.2719507730827122,-0.2886967099069443,-0.2896735072135925,-0.3843374252319336,-0.4097516536712646,-0.328939139842987,-0.3587715625762939,-0.2731070836636252,-0.4000000059604645,-0.3385565333220857,-0.3524815049520078,0.7404183745384216,0.1091819778084755,0.1503996402025222
2025-12,2025-11,济宁,https://www.stats.gov.cn/sj/zxfb/202512/t20251215_1962069.html,-0.6,https://www.stats.gov.cn/sj/zxfb/202601/t20260119_1962319.html,-0.455130480949204,-0.4456720352952503,-0.3948841989040375,-0.4798947870731354,-0.484262615442276,-0.3871689736843109,-0.5578165054321289,-0.456286791530117,-0.699999988079071,-0.4860010721287625,-0.5453938555607745,0.7879804372787476,0.0719106197357177,0.1401089280843734
2025-12,2025-11,烟台,https://www.stats.gov.cn/sj/zxfb/202512/t20251215_1962069.html,-0.3,https://www.stats.gov.cn/sj/zxfb/202601/t20260119_1962319.html,-0.4195251165567823,-0.4267962713416272,-0.4408614635467529,-0.5098785161972046,-0.593526303768158,-0.4227733016014099,-0.457864910364151,-0.4206814271376953,-0.6000000238418579,-0.4788274855360555,-0.510186655725586,0.7844393849372864,0.0778828114271164,0.1376778185367584
2025-12,2025-11,青岛,https://www.stats.gov.cn/sj/zxfb/202512/t20251215_1962069.html,-0.5,https://www.stats.gov.cn/sj/zxfb/202601/t20260119_1962319.html,-0.2465708438411823,-0.2555854765612765,-0.2723991572856903,-0.3368600904941559,-0.3513347208499908,-0.2625372111797333,-0.2585509121417999,-0.2477271544220953,-0.2000000029802322,-0.289268553232487,-0.2615290826321612,0.6556814312934875,0.1039860695600509,0.2403325587511062
2026-01,2025-12,济南,https://www.stats.gov.cn/sj/zxfb/202601/t20260119_1962319.html,-0.4,https://www.stats.gov.cn/sj/zxfb/202602/t20260213_1962617.html,-0.2688823248890861,-0.2566257137407709,-0.3438141345977783,-0.3350576758384704,-0.3116032779216766,-0.3604290783405304,-0.2645140588283539,-0.2578311969340182,-0.2000000029802322,-0.2939815768244164,-0.2642962919175736,0.7470604181289673,0.0968479365110397,0.1560916304588318
2026-01,2025-12,济宁,https://www.stats.gov.cn/sj/zxfb/202601/t20260119_1962319.html,-0.7,https://www.stats.gov.cn/sj/zxfb/202602/t20260213_1962617.html,-0.4849732769942921,-0.4796420370378562,-0.5000346302986145,-0.5143670439720154,-0.4917450845241546,-0.4799271523952484,-0.512971818447113,-0.4739221490392242,-0.6000000238418579,-0.4996944777275002,-0.5294297389510325,0.7835127115249634,0.0832978412508964,0.1331893801689148
2026-01,2025-12,烟台,https://www.stats.gov.cn/sj/zxfb/202601/t20260119_1962319.html,-0.5,https://www.stats.gov.cn/sj/zxfb/202602/t20260213_1962617.html,-0.3290693765181183,-0.338133657743131,-0.4488621652126312,-0.4152372479438782,-0.4235266447067261,-0.435664564371109,-0.3379496037960052,-0.3180182485630504,-0.3000000119209289,-0.3659236792639118,-0.3444185028092859,0.7067995071411133,0.1229845657944679,0.1702159494161605
2026-01,2025-12,青岛,https://www.stats.gov.cn/sj/zxfb/202601/t20260119_1962319.html,-0.6,https://www.stats.gov.cn/sj/zxfb/202602/t20260213_1962617.html,-0.3525308854747193,-0.3320909718935779,-0.4225574433803558,-0.4203627109527588,-0.4374093115329742,-0.4137232303619385,-0.4386216700077057,-0.3414797575196514,-0.5,-0.3879234551853182,-0.4206141561574701,0.7288684248924255,0.1053650826215744,0.1657665073871612
