case,forecast_month,first_train_target,last_train_target,train_months,train_city_rows,seeds,train_future_target_used,parameter_count,stage
ridge_5,2024-01,2021-12,2023-12,25,1750,deterministic,False,0.0,validation
ridge_5,2024-02,2021-12,2024-01,26,1820,deterministic,False,0.0,validation
ridge_5,2024-03,2021-12,2024-02,27,1890,deterministic,False,0.0,validation
ridge_5,2024-04,2021-12,2024-03,28,1960,deterministic,False,0.0,validation
ridge_5,2024-05,2021-12,2024-04,29,2030,deterministic,False,0.0,validation
ridge_5,2024-06,2021-12,2024-05,30,2100,deterministic,False,0.0,validation
ridge_5,2024-07,2021-12,2024-06,31,2170,deterministic,False,0.0,validation
ridge_5,2024-08,2021-12,2024-07,32,2240,deterministic,False,0.0,validation
ridge_5,2024-09,2021-12,2024-08,33,2310,deterministic,False,0.0,validation
ridge_5,2024-10,2021-12,2024-09,34,2380,deterministic,False,0.0,validation
ridge_5,2024-11,2021-12,2024-10,35,2450,deterministic,False,0.0,validation
ridge_5,2024-12,2021-12,2024-11,36,2520,deterministic,False,0.0,validation
ridge_25,2024-01,2021-12,2023-12,25,1750,deterministic,False,0.0,validation
ridge_25,2024-02,2021-12,2024-01,26,1820,deterministic,False,0.0,validation
ridge_25,2024-03,2021-12,2024-02,27,1890,deterministic,False,0.0,validation
ridge_25,2024-04,2021-12,2024-03,28,1960,deterministic,False,0.0,validation
ridge_25,2024-05,2021-12,2024-04,29,2030,deterministic,False,0.0,validation
ridge_25,2024-06,2021-12,2024-05,30,2100,deterministic,False,0.0,validation
ridge_25,2024-07,2021-12,2024-06,31,2170,deterministic,False,0.0,validation
ridge_25,2024-08,2021-12,2024-07,32,2240,deterministic,False,0.0,validation
ridge_25,2024-09,2021-12,2024-08,33,2310,deterministic,False,0.0,validation
ridge_25,2024-10,2021-12,2024-09,34,2380,deterministic,False,0.0,validation
ridge_25,2024-11,2021-12,2024-10,35,2450,deterministic,False,0.0,validation
ridge_25,2024-12,2021-12,2024-11,36,2520,deterministic,False,0.0,validation
ridge_100,2024-01,2021-12,2023-12,25,1750,deterministic,False,0.0,validation
ridge_100,2024-02,2021-12,2024-01,26,1820,deterministic,False,0.0,validation
ridge_100,2024-03,2021-12,2024-02,27,1890,deterministic,False,0.0,validation
ridge_100,2024-04,2021-12,2024-03,28,1960,deterministic,False,0.0,validation
ridge_100,2024-05,2021-12,2024-04,29,2030,deterministic,False,0.0,validation
ridge_100,2024-06,2021-12,2024-05,30,2100,deterministic,False,0.0,validation
ridge_100,2024-07,2021-12,2024-06,31,2170,deterministic,False,0.0,validation
ridge_100,2024-08,2021-12,2024-07,32,2240,deterministic,False,0.0,validation
ridge_100,2024-09,2021-12,2024-08,33,2310,deterministic,False,0.0,validation
ridge_100,2024-10,2021-12,2024-09,34,2380,deterministic,False,0.0,validation
ridge_100,2024-11,2021-12,2024-10,35,2450,deterministic,False,0.0,validation
ridge_100,2024-12,2021-12,2024-11,36,2520,deterministic,False,0.0,validation
hgb_15,2024-01,2021-12,2023-12,25,1750,deterministic,False,0.0,validation
hgb_15,2024-02,2021-12,2024-01,26,1820,deterministic,False,0.0,validation
hgb_15,2024-03,2021-12,2024-02,27,1890,deterministic,False,0.0,validation
hgb_15,2024-04,2021-12,2024-03,28,1960,deterministic,False,0.0,validation
hgb_15,2024-05,2021-12,2024-04,29,2030,deterministic,False,0.0,validation
hgb_15,2024-06,2021-12,2024-05,30,2100,deterministic,False,0.0,validation
hgb_15,2024-07,2021-12,2024-06,31,2170,deterministic,False,0.0,validation
hgb_15,2024-08,2021-12,2024-07,32,2240,deterministic,False,0.0,validation
hgb_15,2024-09,2021-12,2024-08,33,2310,deterministic,False,0.0,validation
hgb_15,2024-10,2021-12,2024-09,34,2380,deterministic,False,0.0,validation
hgb_15,2024-11,2021-12,2024-10,35,2450,deterministic,False,0.0,validation
hgb_15,2024-12,2021-12,2024-11,36,2520,deterministic,False,0.0,validation
hgb_7,2024-01,2021-12,2023-12,25,1750,deterministic,False,0.0,validation
hgb_7,2024-02,2021-12,2024-01,26,1820,deterministic,False,0.0,validation
hgb_7,2024-03,2021-12,2024-02,27,1890,deterministic,False,0.0,validation
hgb_7,2024-04,2021-12,2024-03,28,1960,deterministic,False,0.0,validation
hgb_7,2024-05,2021-12,2024-04,29,2030,deterministic,False,0.0,validation
hgb_7,2024-06,2021-12,2024-05,30,2100,deterministic,False,0.0,validation
hgb_7,2024-07,2021-12,2024-06,31,2170,deterministic,False,0.0,validation
hgb_7,2024-08,2021-12,2024-07,32,2240,deterministic,False,0.0,validation
hgb_7,2024-09,2021-12,2024-08,33,2310,deterministic,False,0.0,validation
hgb_7,2024-10,2021-12,2024-09,34,2380,deterministic,False,0.0,validation
hgb_7,2024-11,2021-12,2024-10,35,2450,deterministic,False,0.0,validation
hgb_7,2024-12,2021-12,2024-11,36,2520,deterministic,False,0.0,validation
nlinear,2024-01,2021-12,2023-12,25,1750,"13,31,47",False,318.0,validation
nlinear,2024-02,2021-12,2024-01,26,1820,"13,31,47",False,318.0,validation
nlinear,2024-03,2021-12,2024-02,27,1890,"13,31,47",False,318.0,validation
nlinear,2024-04,2021-12,2024-03,28,1960,"13,31,47",False,318.0,validation
nlinear,2024-05,2021-12,2024-04,29,2030,"13,31,47",False,318.0,validation
nlinear,2024-06,2021-12,2024-05,30,2100,"13,31,47",False,318.0,validation
nlinear,2024-07,2021-12,2024-06,31,2170,"13,31,47",False,318.0,validation
nlinear,2024-08,2021-12,2024-07,32,2240,"13,31,47",False,318.0,validation
nlinear,2024-09,2021-12,2024-08,33,2310,"13,31,47",False,318.0,validation
nlinear,2024-10,2021-12,2024-09,34,2380,"13,31,47",False,318.0,validation
nlinear,2024-11,2021-12,2024-10,35,2450,"13,31,47",False,318.0,validation
nlinear,2024-12,2021-12,2024-11,36,2520,"13,31,47",False,318.0,validation
legacy_tcn,2024-01,2021-12,2023-12,25,1750,"13,31,47",False,1625.0,validation
legacy_tcn,2024-02,2021-12,2024-01,26,1820,"13,31,47",False,1625.0,validation
legacy_tcn,2024-03,2021-12,2024-02,27,1890,"13,31,47",False,1625.0,validation
legacy_tcn,2024-04,2021-12,2024-03,28,1960,"13,31,47",False,1625.0,validation
legacy_tcn,2024-05,2021-12,2024-04,29,2030,"13,31,47",False,1625.0,validation
legacy_tcn,2024-06,2021-12,2024-05,30,2100,"13,31,47",False,1625.0,validation
legacy_tcn,2024-07,2021-12,2024-06,31,2170,"13,31,47",False,1625.0,validation
legacy_tcn,2024-08,2021-12,2024-07,32,2240,"13,31,47",False,1625.0,validation
legacy_tcn,2024-09,2021-12,2024-08,33,2310,"13,31,47",False,1625.0,validation
legacy_tcn,2024-10,2021-12,2024-09,34,2380,"13,31,47",False,1625.0,validation
legacy_tcn,2024-11,2021-12,2024-10,35,2450,"13,31,47",False,1625.0,validation
legacy_tcn,2024-12,2021-12,2024-11,36,2520,"13,31,47",False,1625.0,validation
fair_tcn,2024-01,2021-12,2023-12,25,1750,"13,31,47",False,1697.0,validation
fair_tcn,2024-02,2021-12,2024-01,26,1820,"13,31,47",False,1697.0,validation
fair_tcn,2024-03,2021-12,2024-02,27,1890,"13,31,47",False,1697.0,validation
fair_tcn,2024-04,2021-12,2024-03,28,1960,"13,31,47",False,1697.0,validation
fair_tcn,2024-05,2021-12,2024-04,29,2030,"13,31,47",False,1697.0,validation
fair_tcn,2024-06,2021-12,2024-05,30,2100,"13,31,47",False,1697.0,validation
fair_tcn,2024-07,2021-12,2024-06,31,2170,"13,31,47",False,1697.0,validation
fair_tcn,2024-08,2021-12,2024-07,32,2240,"13,31,47",False,1697.0,validation
fair_tcn,2024-09,2021-12,2024-08,33,2310,"13,31,47",False,1697.0,validation
fair_tcn,2024-10,2021-12,2024-09,34,2380,"13,31,47",False,1697.0,validation
fair_tcn,2024-11,2021-12,2024-10,35,2450,"13,31,47",False,1697.0,validation
fair_tcn,2024-12,2021-12,2024-11,36,2520,"13,31,47",False,1697.0,validation
revin_tcn,2024-01,2021-12,2023-12,25,1750,"13,31,47",False,1697.0,validation
revin_tcn,2024-02,2021-12,2024-01,26,1820,"13,31,47",False,1697.0,validation
revin_tcn,2024-03,2021-12,2024-02,27,1890,"13,31,47",False,1697.0,validation
revin_tcn,2024-04,2021-12,2024-03,28,1960,"13,31,47",False,1697.0,validation
revin_tcn,2024-05,2021-12,2024-04,29,2030,"13,31,47",False,1697.0,validation
revin_tcn,2024-06,2021-12,2024-05,30,2100,"13,31,47",False,1697.0,validation
revin_tcn,2024-07,2021-12,2024-06,31,2170,"13,31,47",False,1697.0,validation
revin_tcn,2024-08,2021-12,2024-07,32,2240,"13,31,47",False,1697.0,validation
revin_tcn,2024-09,2021-12,2024-08,33,2310,"13,31,47",False,1697.0,validation
revin_tcn,2024-10,2021-12,2024-09,34,2380,"13,31,47",False,1697.0,validation
revin_tcn,2024-11,2021-12,2024-10,35,2450,"13,31,47",False,1697.0,validation
revin_tcn,2024-12,2021-12,2024-11,36,2520,"13,31,47",False,1697.0,validation
decomp_ridge,2024-01,2021-12,2023-12,25,1750,deterministic,False,0.0,validation
decomp_ridge,2024-02,2021-12,2024-01,26,1820,deterministic,False,0.0,validation
decomp_ridge,2024-03,2021-12,2024-02,27,1890,deterministic,False,0.0,validation
decomp_ridge,2024-04,2021-12,2024-03,28,1960,deterministic,False,0.0,validation
decomp_ridge,2024-05,2021-12,2024-04,29,2030,deterministic,False,0.0,validation
decomp_ridge,2024-06,2021-12,2024-05,30,2100,deterministic,False,0.0,validation
decomp_ridge,2024-07,2021-12,2024-06,31,2170,deterministic,False,0.0,validation
decomp_ridge,2024-08,2021-12,2024-07,32,2240,deterministic,False,0.0,validation
decomp_ridge,2024-09,2021-12,2024-08,33,2310,deterministic,False,0.0,validation
decomp_ridge,2024-10,2021-12,2024-09,34,2380,deterministic,False,0.0,validation
decomp_ridge,2024-11,2021-12,2024-10,35,2450,deterministic,False,0.0,validation
decomp_ridge,2024-12,2021-12,2024-11,36,2520,deterministic,False,0.0,validation
decomp_tcn,2024-01,2021-12,2023-12,25,1750,"13,31,47",False,1926.0,validation
decomp_tcn,2024-02,2021-12,2024-01,26,1820,"13,31,47",False,1926.0,validation
decomp_tcn,2024-03,2021-12,2024-02,27,1890,"13,31,47",False,1926.0,validation
decomp_tcn,2024-04,2021-12,2024-03,28,1960,"13,31,47",False,1926.0,validation
decomp_tcn,2024-05,2021-12,2024-04,29,2030,"13,31,47",False,1926.0,validation
decomp_tcn,2024-06,2021-12,2024-05,30,2100,"13,31,47",False,1926.0,validation
decomp_tcn,2024-07,2021-12,2024-06,31,2170,"13,31,47",False,1926.0,validation
decomp_tcn,2024-08,2021-12,2024-07,32,2240,"13,31,47",False,1926.0,validation
decomp_tcn,2024-09,2021-12,2024-08,33,2310,"13,31,47",False,1926.0,validation
decomp_tcn,2024-10,2021-12,2024-09,34,2380,"13,31,47",False,1926.0,validation
decomp_tcn,2024-11,2021-12,2024-10,35,2450,"13,31,47",False,1926.0,validation
decomp_tcn,2024-12,2021-12,2024-11,36,2520,"13,31,47",False,1926.0,validation
decomp_revin,2024-01,2021-12,2023-12,25,1750,"13,31,47",False,1926.0,validation
decomp_revin,2024-02,2021-12,2024-01,26,1820,"13,31,47",False,1926.0,validation
decomp_revin,2024-03,2021-12,2024-02,27,1890,"13,31,47",False,1926.0,validation
decomp_revin,2024-04,2021-12,2024-03,28,1960,"13,31,47",False,1926.0,validation
decomp_revin,2024-05,2021-12,2024-04,29,2030,"13,31,47",False,1926.0,validation
decomp_revin,2024-06,2021-12,2024-05,30,2100,"13,31,47",False,1926.0,validation
decomp_revin,2024-07,2021-12,2024-06,31,2170,"13,31,47",False,1926.0,validation
decomp_revin,2024-08,2021-12,2024-07,32,2240,"13,31,47",False,1926.0,validation
decomp_revin,2024-09,2021-12,2024-08,33,2310,"13,31,47",False,1926.0,validation
decomp_revin,2024-10,2021-12,2024-09,34,2380,"13,31,47",False,1926.0,validation
decomp_revin,2024-11,2021-12,2024-10,35,2450,"13,31,47",False,1926.0,validation
decomp_revin,2024-12,2021-12,2024-11,36,2520,"13,31,47",False,1926.0,validation
multitask_0.01_plain,2024-01,2021-12,2023-12,25,1750,"13,31,47",False,2001.0,validation
multitask_0.01_plain,2024-02,2021-12,2024-01,26,1820,"13,31,47",False,2001.0,validation
multitask_0.01_plain,2024-03,2021-12,2024-02,27,1890,"13,31,47",False,2001.0,validation
multitask_0.01_plain,2024-04,2021-12,2024-03,28,1960,"13,31,47",False,2001.0,validation
multitask_0.01_plain,2024-05,2021-12,2024-04,29,2030,"13,31,47",False,2001.0,validation
multitask_0.01_plain,2024-06,2021-12,2024-05,30,2100,"13,31,47",False,2001.0,validation
multitask_0.01_plain,2024-07,2021-12,2024-06,31,2170,"13,31,47",False,2001.0,validation
multitask_0.01_plain,2024-08,2021-12,2024-07,32,2240,"13,31,47",False,2001.0,validation
multitask_0.01_plain,2024-09,2021-12,2024-08,33,2310,"13,31,47",False,2001.0,validation
multitask_0.01_plain,2024-10,2021-12,2024-09,34,2380,"13,31,47",False,2001.0,validation
multitask_0.01_plain,2024-11,2021-12,2024-10,35,2450,"13,31,47",False,2001.0,validation
multitask_0.01_plain,2024-12,2021-12,2024-11,36,2520,"13,31,47",False,2001.0,validation
multitask_0.01_weighted,2024-01,2021-12,2023-12,25,1750,"13,31,47",False,2001.0,validation
multitask_0.01_weighted,2024-02,2021-12,2024-01,26,1820,"13,31,47",False,2001.0,validation
multitask_0.01_weighted,2024-03,2021-12,2024-02,27,1890,"13,31,47",False,2001.0,validation
multitask_0.01_weighted,2024-04,2021-12,2024-03,28,1960,"13,31,47",False,2001.0,validation
multitask_0.01_weighted,2024-05,2021-12,2024-04,29,2030,"13,31,47",False,2001.0,validation
multitask_0.01_weighted,2024-06,2021-12,2024-05,30,2100,"13,31,47",False,2001.0,validation
multitask_0.01_weighted,2024-07,2021-12,2024-06,31,2170,"13,31,47",False,2001.0,validation
multitask_0.01_weighted,2024-08,2021-12,2024-07,32,2240,"13,31,47",False,2001.0,validation
multitask_0.01_weighted,2024-09,2021-12,2024-08,33,2310,"13,31,47",False,2001.0,validation
multitask_0.01_weighted,2024-10,2021-12,2024-09,34,2380,"13,31,47",False,2001.0,validation
multitask_0.01_weighted,2024-11,2021-12,2024-10,35,2450,"13,31,47",False,2001.0,validation
multitask_0.01_weighted,2024-12,2021-12,2024-11,36,2520,"13,31,47",False,2001.0,validation
multitask_0.05_plain,2024-01,2021-12,2023-12,25,1750,"13,31,47",False,2001.0,validation
multitask_0.05_plain,2024-02,2021-12,2024-01,26,1820,"13,31,47",False,2001.0,validation
multitask_0.05_plain,2024-03,2021-12,2024-02,27,1890,"13,31,47",False,2001.0,validation
multitask_0.05_plain,2024-04,2021-12,2024-03,28,1960,"13,31,47",False,2001.0,validation
multitask_0.05_plain,2024-05,2021-12,2024-04,29,2030,"13,31,47",False,2001.0,validation
multitask_0.05_plain,2024-06,2021-12,2024-05,30,2100,"13,31,47",False,2001.0,validation
multitask_0.05_plain,2024-07,2021-12,2024-06,31,2170,"13,31,47",False,2001.0,validation
multitask_0.05_plain,2024-08,2021-12,2024-07,32,2240,"13,31,47",False,2001.0,validation
multitask_0.05_plain,2024-09,2021-12,2024-08,33,2310,"13,31,47",False,2001.0,validation
multitask_0.05_plain,2024-10,2021-12,2024-09,34,2380,"13,31,47",False,2001.0,validation
multitask_0.05_plain,2024-11,2021-12,2024-10,35,2450,"13,31,47",False,2001.0,validation
multitask_0.05_plain,2024-12,2021-12,2024-11,36,2520,"13,31,47",False,2001.0,validation
multitask_0.05_weighted,2024-01,2021-12,2023-12,25,1750,"13,31,47",False,2001.0,validation
multitask_0.05_weighted,2024-02,2021-12,2024-01,26,1820,"13,31,47",False,2001.0,validation
multitask_0.05_weighted,2024-03,2021-12,2024-02,27,1890,"13,31,47",False,2001.0,validation
multitask_0.05_weighted,2024-04,2021-12,2024-03,28,1960,"13,31,47",False,2001.0,validation
multitask_0.05_weighted,2024-05,2021-12,2024-04,29,2030,"13,31,47",False,2001.0,validation
multitask_0.05_weighted,2024-06,2021-12,2024-05,30,2100,"13,31,47",False,2001.0,validation
multitask_0.05_weighted,2024-07,2021-12,2024-06,31,2170,"13,31,47",False,2001.0,validation
multitask_0.05_weighted,2024-08,2021-12,2024-07,32,2240,"13,31,47",False,2001.0,validation
multitask_0.05_weighted,2024-09,2021-12,2024-08,33,2310,"13,31,47",False,2001.0,validation
multitask_0.05_weighted,2024-10,2021-12,2024-09,34,2380,"13,31,47",False,2001.0,validation
multitask_0.05_weighted,2024-11,2021-12,2024-10,35,2450,"13,31,47",False,2001.0,validation
multitask_0.05_weighted,2024-12,2021-12,2024-11,36,2520,"13,31,47",False,2001.0,validation
fair_tcn,2024-01,2021-12,2023-12,25,1750,"13,31,47,61,79",False,1697.0,validation
fair_tcn,2024-02,2021-12,2024-01,26,1820,"13,31,47,61,79",False,1697.0,validation
fair_tcn,2024-03,2021-12,2024-02,27,1890,"13,31,47,61,79",False,1697.0,validation
fair_tcn,2024-04,2021-12,2024-03,28,1960,"13,31,47,61,79",False,1697.0,validation
fair_tcn,2024-05,2021-12,2024-04,29,2030,"13,31,47,61,79",False,1697.0,validation
fair_tcn,2024-06,2021-12,2024-05,30,2100,"13,31,47,61,79",False,1697.0,validation
fair_tcn,2024-07,2021-12,2024-06,31,2170,"13,31,47,61,79",False,1697.0,validation
fair_tcn,2024-08,2021-12,2024-07,32,2240,"13,31,47,61,79",False,1697.0,validation
fair_tcn,2024-09,2021-12,2024-08,33,2310,"13,31,47,61,79",False,1697.0,validation
fair_tcn,2024-10,2021-12,2024-09,34,2380,"13,31,47,61,79",False,1697.0,validation
fair_tcn,2024-11,2021-12,2024-10,35,2450,"13,31,47,61,79",False,1697.0,validation
fair_tcn,2024-12,2021-12,2024-11,36,2520,"13,31,47,61,79",False,1697.0,validation
multitask_0.05_weighted,2024-01,2021-12,2023-12,25,1750,"13,31,47,61,79",False,2001.0,validation
multitask_0.05_weighted,2024-02,2021-12,2024-01,26,1820,"13,31,47,61,79",False,2001.0,validation
multitask_0.05_weighted,2024-03,2021-12,2024-02,27,1890,"13,31,47,61,79",False,2001.0,validation
multitask_0.05_weighted,2024-04,2021-12,2024-03,28,1960,"13,31,47,61,79",False,2001.0,validation
multitask_0.05_weighted,2024-05,2021-12,2024-04,29,2030,"13,31,47,61,79",False,2001.0,validation
multitask_0.05_weighted,2024-06,2021-12,2024-05,30,2100,"13,31,47,61,79",False,2001.0,validation
multitask_0.05_weighted,2024-07,2021-12,2024-06,31,2170,"13,31,47,61,79",False,2001.0,validation
multitask_0.05_weighted,2024-08,2021-12,2024-07,32,2240,"13,31,47,61,79",False,2001.0,validation
multitask_0.05_weighted,2024-09,2021-12,2024-08,33,2310,"13,31,47,61,79",False,2001.0,validation
multitask_0.05_weighted,2024-10,2021-12,2024-09,34,2380,"13,31,47,61,79",False,2001.0,validation
multitask_0.05_weighted,2024-11,2021-12,2024-10,35,2450,"13,31,47,61,79",False,2001.0,validation
multitask_0.05_weighted,2024-12,2021-12,2024-11,36,2520,"13,31,47,61,79",False,2001.0,validation
ridge_25,2025-01,2021-12,2024-12,37,2590,deterministic,False,0.0,retrospective
ridge_25,2025-02,2021-12,2025-01,38,2660,deterministic,False,0.0,retrospective
ridge_25,2025-03,2021-12,2025-02,39,2730,deterministic,False,0.0,retrospective
ridge_25,2025-04,2021-12,2025-03,40,2800,deterministic,False,0.0,retrospective
ridge_25,2025-05,2021-12,2025-04,41,2870,deterministic,False,0.0,retrospective
ridge_25,2025-06,2021-12,2025-05,42,2940,deterministic,False,0.0,retrospective
ridge_25,2025-07,2021-12,2025-06,43,3010,deterministic,False,0.0,retrospective
ridge_25,2025-08,2021-12,2025-07,44,3080,deterministic,False,0.0,retrospective
ridge_25,2025-09,2021-12,2025-08,45,3150,deterministic,False,0.0,retrospective
ridge_25,2025-10,2021-12,2025-09,46,3220,deterministic,False,0.0,retrospective
ridge_25,2025-11,2021-12,2025-10,47,3290,deterministic,False,0.0,retrospective
ridge_25,2025-12,2021-12,2025-11,48,3360,deterministic,False,0.0,retrospective
ridge_25,2026-01,2021-12,2025-12,49,3430,deterministic,False,0.0,retrospective
decomp_ridge,2025-01,2021-12,2024-12,37,2590,deterministic,False,0.0,retrospective
decomp_ridge,2025-02,2021-12,2025-01,38,2660,deterministic,False,0.0,retrospective
decomp_ridge,2025-03,2021-12,2025-02,39,2730,deterministic,False,0.0,retrospective
decomp_ridge,2025-04,2021-12,2025-03,40,2800,deterministic,False,0.0,retrospective
decomp_ridge,2025-05,2021-12,2025-04,41,2870,deterministic,False,0.0,retrospective
decomp_ridge,2025-06,2021-12,2025-05,42,2940,deterministic,False,0.0,retrospective
decomp_ridge,2025-07,2021-12,2025-06,43,3010,deterministic,False,0.0,retrospective
decomp_ridge,2025-08,2021-12,2025-07,44,3080,deterministic,False,0.0,retrospective
decomp_ridge,2025-09,2021-12,2025-08,45,3150,deterministic,False,0.0,retrospective
decomp_ridge,2025-10,2021-12,2025-09,46,3220,deterministic,False,0.0,retrospective
decomp_ridge,2025-11,2021-12,2025-10,47,3290,deterministic,False,0.0,retrospective
decomp_ridge,2025-12,2021-12,2025-11,48,3360,deterministic,False,0.0,retrospective
decomp_ridge,2026-01,2021-12,2025-12,49,3430,deterministic,False,0.0,retrospective
decomp_tcn,2025-01,2021-12,2024-12,37,2590,"13,31,47",False,1926.0,retrospective
decomp_tcn,2025-02,2021-12,2025-01,38,2660,"13,31,47",False,1926.0,retrospective
decomp_tcn,2025-03,2021-12,2025-02,39,2730,"13,31,47",False,1926.0,retrospective
decomp_tcn,2025-04,2021-12,2025-03,40,2800,"13,31,47",False,1926.0,retrospective
decomp_tcn,2025-05,2021-12,2025-04,41,2870,"13,31,47",False,1926.0,retrospective
decomp_tcn,2025-06,2021-12,2025-05,42,2940,"13,31,47",False,1926.0,retrospective
decomp_tcn,2025-07,2021-12,2025-06,43,3010,"13,31,47",False,1926.0,retrospective
decomp_tcn,2025-08,2021-12,2025-07,44,3080,"13,31,47",False,1926.0,retrospective
decomp_tcn,2025-09,2021-12,2025-08,45,3150,"13,31,47",False,1926.0,retrospective
decomp_tcn,2025-10,2021-12,2025-09,46,3220,"13,31,47",False,1926.0,retrospective
decomp_tcn,2025-11,2021-12,2025-10,47,3290,"13,31,47",False,1926.0,retrospective
decomp_tcn,2025-12,2021-12,2025-11,48,3360,"13,31,47",False,1926.0,retrospective
decomp_tcn,2026-01,2021-12,2025-12,49,3430,"13,31,47",False,1926.0,retrospective
fair_tcn,2025-01,2021-12,2024-12,37,2590,"13,31,47,61,79",False,1697.0,retrospective
fair_tcn,2025-02,2021-12,2025-01,38,2660,"13,31,47,61,79",False,1697.0,retrospective
fair_tcn,2025-03,2021-12,2025-02,39,2730,"13,31,47,61,79",False,1697.0,retrospective
fair_tcn,2025-04,2021-12,2025-03,40,2800,"13,31,47,61,79",False,1697.0,retrospective
fair_tcn,2025-05,2021-12,2025-04,41,2870,"13,31,47,61,79",False,1697.0,retrospective
fair_tcn,2025-06,2021-12,2025-05,42,2940,"13,31,47,61,79",False,1697.0,retrospective
fair_tcn,2025-07,2021-12,2025-06,43,3010,"13,31,47,61,79",False,1697.0,retrospective
fair_tcn,2025-08,2021-12,2025-07,44,3080,"13,31,47,61,79",False,1697.0,retrospective
fair_tcn,2025-09,2021-12,2025-08,45,3150,"13,31,47,61,79",False,1697.0,retrospective
fair_tcn,2025-10,2021-12,2025-09,46,3220,"13,31,47,61,79",False,1697.0,retrospective
fair_tcn,2025-11,2021-12,2025-10,47,3290,"13,31,47,61,79",False,1697.0,retrospective
fair_tcn,2025-12,2021-12,2025-11,48,3360,"13,31,47,61,79",False,1697.0,retrospective
fair_tcn,2026-01,2021-12,2025-12,49,3430,"13,31,47,61,79",False,1697.0,retrospective
legacy_tcn,2025-01,2021-12,2024-12,37,2590,"13,31,47",False,1625.0,retrospective
legacy_tcn,2025-02,2021-12,2025-01,38,2660,"13,31,47",False,1625.0,retrospective
legacy_tcn,2025-03,2021-12,2025-02,39,2730,"13,31,47",False,1625.0,retrospective
legacy_tcn,2025-04,2021-12,2025-03,40,2800,"13,31,47",False,1625.0,retrospective
legacy_tcn,2025-05,2021-12,2025-04,41,2870,"13,31,47",False,1625.0,retrospective
legacy_tcn,2025-06,2021-12,2025-05,42,2940,"13,31,47",False,1625.0,retrospective
legacy_tcn,2025-07,2021-12,2025-06,43,3010,"13,31,47",False,1625.0,retrospective
legacy_tcn,2025-08,2021-12,2025-07,44,3080,"13,31,47",False,1625.0,retrospective
legacy_tcn,2025-09,2021-12,2025-08,45,3150,"13,31,47",False,1625.0,retrospective
legacy_tcn,2025-10,2021-12,2025-09,46,3220,"13,31,47",False,1625.0,retrospective
legacy_tcn,2025-11,2021-12,2025-10,47,3290,"13,31,47",False,1625.0,retrospective
legacy_tcn,2025-12,2021-12,2025-11,48,3360,"13,31,47",False,1625.0,retrospective
legacy_tcn,2026-01,2021-12,2025-12,49,3430,"13,31,47",False,1625.0,retrospective
multitask_0.05_weighted,2025-01,2021-12,2024-12,37,2590,"13,31,47,61,79",False,2001.0,retrospective
multitask_0.05_weighted,2025-02,2021-12,2025-01,38,2660,"13,31,47,61,79",False,2001.0,retrospective
multitask_0.05_weighted,2025-03,2021-12,2025-02,39,2730,"13,31,47,61,79",False,2001.0,retrospective
multitask_0.05_weighted,2025-04,2021-12,2025-03,40,2800,"13,31,47,61,79",False,2001.0,retrospective
multitask_0.05_weighted,2025-05,2021-12,2025-04,41,2870,"13,31,47,61,79",False,2001.0,retrospective
multitask_0.05_weighted,2025-06,2021-12,2025-05,42,2940,"13,31,47,61,79",False,2001.0,retrospective
multitask_0.05_weighted,2025-07,2021-12,2025-06,43,3010,"13,31,47,61,79",False,2001.0,retrospective
multitask_0.05_weighted,2025-08,2021-12,2025-07,44,3080,"13,31,47,61,79",False,2001.0,retrospective
multitask_0.05_weighted,2025-09,2021-12,2025-08,45,3150,"13,31,47,61,79",False,2001.0,retrospective
multitask_0.05_weighted,2025-10,2021-12,2025-09,46,3220,"13,31,47,61,79",False,2001.0,retrospective
multitask_0.05_weighted,2025-11,2021-12,2025-10,47,3290,"13,31,47,61,79",False,2001.0,retrospective
multitask_0.05_weighted,2025-12,2021-12,2025-11,48,3360,"13,31,47,61,79",False,2001.0,retrospective
multitask_0.05_weighted,2026-01,2021-12,2025-12,49,3430,"13,31,47,61,79",False,2001.0,retrospective
revin_tcn,2025-01,2021-12,2024-12,37,2590,"13,31,47",False,1697.0,retrospective
revin_tcn,2025-02,2021-12,2025-01,38,2660,"13,31,47",False,1697.0,retrospective
revin_tcn,2025-03,2021-12,2025-02,39,2730,"13,31,47",False,1697.0,retrospective
revin_tcn,2025-04,2021-12,2025-03,40,2800,"13,31,47",False,1697.0,retrospective
revin_tcn,2025-05,2021-12,2025-04,41,2870,"13,31,47",False,1697.0,retrospective
revin_tcn,2025-06,2021-12,2025-05,42,2940,"13,31,47",False,1697.0,retrospective
revin_tcn,2025-07,2021-12,2025-06,43,3010,"13,31,47",False,1697.0,retrospective
revin_tcn,2025-08,2021-12,2025-07,44,3080,"13,31,47",False,1697.0,retrospective
revin_tcn,2025-09,2021-12,2025-08,45,3150,"13,31,47",False,1697.0,retrospective
revin_tcn,2025-10,2021-12,2025-09,46,3220,"13,31,47",False,1697.0,retrospective
revin_tcn,2025-11,2021-12,2025-10,47,3290,"13,31,47",False,1697.0,retrospective
revin_tcn,2025-12,2021-12,2025-11,48,3360,"13,31,47",False,1697.0,retrospective
revin_tcn,2026-01,2021-12,2025-12,49,3430,"13,31,47",False,1697.0,retrospective
bias_0.5_0.5,2026-02,2021-12,2026-01,50,3500,,False,,final_forecast
decomp_ridge,2026-02,2021-12,2026-01,50,3500,,False,,final_forecast
decomp_tcn,2026-02,2021-12,2026-01,50,3500,,False,,final_forecast
fair_tcn,2026-02,2021-12,2026-01,50,3500,,False,,final_forecast
legacy_tcn,2026-02,2021-12,2026-01,50,3500,,False,,final_forecast
multitask_0.05_weighted,2026-02,2021-12,2026-01,50,3500,,False,,final_forecast
revin_tcn,2026-02,2021-12,2026-01,50,3500,,False,,final_forecast
ridge_25,2026-02,2021-12,2026-01,50,3500,,False,,final_forecast
