city,input_month,forecast_month,predicted_change_pct,input_source_url
三亚,2026-01,2026-02,-0.17091978,https://www.stats.gov.cn/sj/zxfb/202602/t20260213_1962617.html
上海,2026-01,2026-02,0.042886894,https://www.stats.gov.cn/sj/zxfb/202602/t20260213_1962617.html
丹东,2026-01,2026-02,-0.2415731,https://www.stats.gov.cn/sj/zxfb/202602/t20260213_1962617.html
乌鲁木齐,2026-01,2026-02,-0.27761105,https://www.stats.gov.cn/sj/zxfb/202602/t20260213_1962617.html
九江,2026-01,2026-02,-0.32499897,https://www.stats.gov.cn/sj/zxfb/202602/t20260213_1962617.html
兰州,2026-01,2026-02,-0.51902634,https://www.stats.gov.cn/sj/zxfb/202602/t20260213_1962617.html
包头,2026-01,2026-02,-0.54770964,https://www.stats.gov.cn/sj/zxfb/202602/t20260213_1962617.html
北京,2026-01,2026-02,-0.33662352,https://www.stats.gov.cn/sj/zxfb/202602/t20260213_1962617.html
北海,2026-01,2026-02,-0.2702913,https://www.stats.gov.cn/sj/zxfb/202602/t20260213_1962617.html
南京,2026-01,2026-02,-0.39506307,https://www.stats.gov.cn/sj/zxfb/202602/t20260213_1962617.html
南充,2026-01,2026-02,-0.087058686,https://www.stats.gov.cn/sj/zxfb/202602/t20260213_1962617.html
南宁,2026-01,2026-02,-0.37558565,https://www.stats.gov.cn/sj/zxfb/202602/t20260213_1962617.html
南昌,2026-01,2026-02,-0.4345337,https://www.stats.gov.cn/sj/zxfb/202602/t20260213_1962617.html
厦门,2026-01,2026-02,-0.17846966,https://www.stats.gov.cn/sj/zxfb/202602/t20260213_1962617.html
合肥,2026-01,2026-02,0.0618681,https://www.stats.gov.cn/sj/zxfb/202602/t20260213_1962617.html
吉林,2026-01,2026-02,-0.17082989,https://www.stats.gov.cn/sj/zxfb/202602/t20260213_1962617.html
呼和浩特,2026-01,2026-02,-0.46112382,https://www.stats.gov.cn/sj/zxfb/202602/t20260213_1962617.html
哈尔滨,2026-01,2026-02,-0.22579652,https://www.stats.gov.cn/sj/zxfb/202602/t20260213_1962617.html
唐山,2026-01,2026-02,-0.4593813,https://www.stats.gov.cn/sj/zxfb/202602/t20260213_1962617.html
大理,2026-01,2026-02,-0.20200485,https://www.stats.gov.cn/sj/zxfb/202602/t20260213_1962617.html
大连,2026-01,2026-02,-0.11132071,https://www.stats.gov.cn/sj/zxfb/202602/t20260213_1962617.html
天津,2026-01,2026-02,-0.44613823,https://www.stats.gov.cn/sj/zxfb/202602/t20260213_1962617.html
太原,2026-01,2026-02,-0.10724788,https://www.stats.gov.cn/sj/zxfb/202602/t20260213_1962617.html
宁波,2026-01,2026-02,-0.3484622,https://www.stats.gov.cn/sj/zxfb/202602/t20260213_1962617.html
安庆,2026-01,2026-02,-0.27633467,https://www.stats.gov.cn/sj/zxfb/202602/t20260213_1962617.html
宜昌,2026-01,2026-02,-0.24667291,https://www.stats.gov.cn/sj/zxfb/202602/t20260213_1962617.html
岳阳,2026-01,2026-02,-0.39567932,https://www.stats.gov.cn/sj/zxfb/202602/t20260213_1962617.html
常德,2026-01,2026-02,-0.40857175,https://www.stats.gov.cn/sj/zxfb/202602/t20260213_1962617.html
平顶山,2026-01,2026-02,-0.24139853,https://www.stats.gov.cn/sj/zxfb/202602/t20260213_1962617.html
广州,2026-01,2026-02,-0.4932216,https://www.stats.gov.cn/sj/zxfb/202602/t20260213_1962617.html
徐州,2026-01,2026-02,-0.52241975,https://www.stats.gov.cn/sj/zxfb/202602/t20260213_1962617.html
惠州,2026-01,2026-02,-0.3469596,https://www.stats.gov.cn/sj/zxfb/202602/t20260213_1962617.html
成都,2026-01,2026-02,-0.4004258,https://www.stats.gov.cn/sj/zxfb/202602/t20260213_1962617.html
扬州,2026-01,2026-02,-0.37569654,https://www.stats.gov.cn/sj/zxfb/202602/t20260213_1962617.html
无锡,2026-01,2026-02,-0.25959978,https://www.stats.gov.cn/sj/zxfb/202602/t20260213_1962617.html
昆明,2026-01,2026-02,-0.31664684,https://www.stats.gov.cn/sj/zxfb/202602/t20260213_1962617.html
杭州,2026-01,2026-02,-0.16934681,https://www.stats.gov.cn/sj/zxfb/202602/t20260213_1962617.html
桂林,2026-01,2026-02,-0.3893646,https://www.stats.gov.cn/sj/zxfb/202602/t20260213_1962617.html
武汉,2026-01,2026-02,-0.1542933,https://www.stats.gov.cn/sj/zxfb/202602/t20260213_1962617.html
沈阳,2026-01,2026-02,-0.12426635,https://www.stats.gov.cn/sj/zxfb/202602/t20260213_1962617.html
泉州,2026-01,2026-02,-0.3042647,https://www.stats.gov.cn/sj/zxfb/202602/t20260213_1962617.html
泸州,2026-01,2026-02,-0.591952,https://www.stats.gov.cn/sj/zxfb/202602/t20260213_1962617.html
洛阳,2026-01,2026-02,-0.32717988,https://www.stats.gov.cn/sj/zxfb/202602/t20260213_1962617.html
济南,2026-01,2026-02,-0.38948944,https://www.stats.gov.cn/sj/zxfb/202602/t20260213_1962617.html
济宁,2026-01,2026-02,-0.40343156,https://www.stats.gov.cn/sj/zxfb/202602/t20260213_1962617.html
海口,2026-01,2026-02,-0.21608484,https://www.stats.gov.cn/sj/zxfb/202602/t20260213_1962617.html
深圳,2026-01,2026-02,-0.34506714,https://www.stats.gov.cn/sj/zxfb/202602/t20260213_1962617.html
温州,2026-01,2026-02,-0.45492253,https://www.stats.gov.cn/sj/zxfb/202602/t20260213_1962617.html
湛江,2026-01,2026-02,-0.2352872,https://www.stats.gov.cn/sj/zxfb/202602/t20260213_1962617.html
烟台,2026-01,2026-02,-0.32862714,https://www.stats.gov.cn/sj/zxfb/202602/t20260213_1962617.html
牡丹江,2026-01,2026-02,-0.11947756,https://www.stats.gov.cn/sj/zxfb/202602/t20260213_1962617.html
石家庄,2026-01,2026-02,-0.31823215,https://www.stats.gov.cn/sj/zxfb/202602/t20260213_1962617.html
福州,2026-01,2026-02,-0.3386166,https://www.stats.gov.cn/sj/zxfb/202602/t20260213_1962617.html
秦皇岛,2026-01,2026-02,-0.48793873,https://www.stats.gov.cn/sj/zxfb/202602/t20260213_1962617.html
蚌埠,2026-01,2026-02,-0.32613662,https://www.stats.gov.cn/sj/zxfb/202602/t20260213_1962617.html
襄阳,2026-01,2026-02,-0.5098799,https://www.stats.gov.cn/sj/zxfb/202602/t20260213_1962617.html
西宁,2026-01,2026-02,-0.2601442,https://www.stats.gov.cn/sj/zxfb/202602/t20260213_1962617.html
西安,2026-01,2026-02,-0.52200544,https://www.stats.gov.cn/sj/zxfb/202602/t20260213_1962617.html
贵阳,2026-01,2026-02,-0.36823714,https://www.stats.gov.cn/sj/zxfb/202602/t20260213_1962617.html
赣州,2026-01,2026-02,-0.49020037,https://www.stats.gov.cn/sj/zxfb/202602/t20260213_1962617.html
遵义,2026-01,2026-02,-0.24797706,https://www.stats.gov.cn/sj/zxfb/202602/t20260213_1962617.html
郑州,2026-01,2026-02,-0.43142745,https://www.stats.gov.cn/sj/zxfb/202602/t20260213_1962617.html
重庆,2026-01,2026-02,-0.27428326,https://www.stats.gov.cn/sj/zxfb/202602/t20260213_1962617.html
金华,2026-01,2026-02,-0.40589413,https://www.stats.gov.cn/sj/zxfb/202602/t20260213_1962617.html
银川,2026-01,2026-02,-0.39700785,https://www.stats.gov.cn/sj/zxfb/202602/t20260213_1962617.html
锦州,2026-01,2026-02,-0.2619638,https://www.stats.gov.cn/sj/zxfb/202602/t20260213_1962617.html
长春,2026-01,2026-02,-0.27932715,https://www.stats.gov.cn/sj/zxfb/202602/t20260213_1962617.html
长沙,2026-01,2026-02,-0.33015192,https://www.stats.gov.cn/sj/zxfb/202602/t20260213_1962617.html
青岛,2026-01,2026-02,-0.44877675,https://www.stats.gov.cn/sj/zxfb/202602/t20260213_1962617.html
韶关,2026-01,2026-02,-0.22267713,https://www.stats.gov.cn/sj/zxfb/202602/t20260213_1962617.html
