city,period,source_url,forecast_month,predicted_change_pct,historical_80pct_abs_error_pp
三亚,2026-01,https://www.stats.gov.cn/sj/zxfb/202602/t20260213_1962617.html,2026-02,-0.12240168936090554,0.3620491827213371
上海,2026-01,https://www.stats.gov.cn/sj/zxfb/202602/t20260213_1962617.html,2026-02,0.08732287200709637,0.3620491827213371
丹东,2026-01,https://www.stats.gov.cn/sj/zxfb/202602/t20260213_1962617.html,2026-02,-0.1919157035580935,0.3620491827213371
乌鲁木齐,2026-01,https://www.stats.gov.cn/sj/zxfb/202602/t20260213_1962617.html,2026-02,-0.1947418646263745,0.3620491827213371
九江,2026-01,https://www.stats.gov.cn/sj/zxfb/202602/t20260213_1962617.html,2026-02,-0.36537794871223084,0.3620491827213371
兰州,2026-01,https://www.stats.gov.cn/sj/zxfb/202602/t20260213_1962617.html,2026-02,-0.404027426898762,0.3620491827213371
包头,2026-01,https://www.stats.gov.cn/sj/zxfb/202602/t20260213_1962617.html,2026-02,-0.5366269295044448,0.3620491827213371
北京,2026-01,https://www.stats.gov.cn/sj/zxfb/202602/t20260213_1962617.html,2026-02,-0.22175878649750677,0.3620491827213371
北海,2026-01,https://www.stats.gov.cn/sj/zxfb/202602/t20260213_1962617.html,2026-02,-0.43577002537617365,0.3620491827213371
南京,2026-01,https://www.stats.gov.cn/sj/zxfb/202602/t20260213_1962617.html,2026-02,-0.21943108738731093,0.3620491827213371
南充,2026-01,https://www.stats.gov.cn/sj/zxfb/202602/t20260213_1962617.html,2026-02,-0.16412210984516912,0.3620491827213371
南宁,2026-01,https://www.stats.gov.cn/sj/zxfb/202602/t20260213_1962617.html,2026-02,-0.4490398977654767,0.3620491827213371
南昌,2026-01,https://www.stats.gov.cn/sj/zxfb/202602/t20260213_1962617.html,2026-02,-0.3441157050288611,0.3620491827213371
厦门,2026-01,https://www.stats.gov.cn/sj/zxfb/202602/t20260213_1962617.html,2026-02,-0.1850671469194421,0.3620491827213371
合肥,2026-01,https://www.stats.gov.cn/sj/zxfb/202602/t20260213_1962617.html,2026-02,-0.0308309085147489,0.3620491827213371
吉林,2026-01,https://www.stats.gov.cn/sj/zxfb/202602/t20260213_1962617.html,2026-02,-0.12060779074916442,0.3620491827213371
呼和浩特,2026-01,https://www.stats.gov.cn/sj/zxfb/202602/t20260213_1962617.html,2026-02,-0.36772748287285073,0.3620491827213371
哈尔滨,2026-01,https://www.stats.gov.cn/sj/zxfb/202602/t20260213_1962617.html,2026-02,-0.2231435238658082,0.3620491827213371
唐山,2026-01,https://www.stats.gov.cn/sj/zxfb/202602/t20260213_1962617.html,2026-02,-0.3907416714068218,0.3620491827213371
大理,2026-01,https://www.stats.gov.cn/sj/zxfb/202602/t20260213_1962617.html,2026-02,-0.25418857907965103,0.3620491827213371
大连,2026-01,https://www.stats.gov.cn/sj/zxfb/202602/t20260213_1962617.html,2026-02,-0.12642067141378227,0.3620491827213371
天津,2026-01,https://www.stats.gov.cn/sj/zxfb/202602/t20260213_1962617.html,2026-02,-0.4206328756481674,0.3620491827213371
太原,2026-01,https://www.stats.gov.cn/sj/zxfb/202602/t20260213_1962617.html,2026-02,-0.1501799678559128,0.3620491827213371
宁波,2026-01,https://www.stats.gov.cn/sj/zxfb/202602/t20260213_1962617.html,2026-02,-0.15430824309491714,0.3620491827213371
安庆,2026-01,https://www.stats.gov.cn/sj/zxfb/202602/t20260213_1962617.html,2026-02,-0.2751227315294456,0.3620491827213371
宜昌,2026-01,https://www.stats.gov.cn/sj/zxfb/202602/t20260213_1962617.html,2026-02,-0.2623782439733067,0.3620491827213371
岳阳,2026-01,https://www.stats.gov.cn/sj/zxfb/202602/t20260213_1962617.html,2026-02,-0.41194849128236777,0.3620491827213371
常德,2026-01,https://www.stats.gov.cn/sj/zxfb/202602/t20260213_1962617.html,2026-02,-0.4843780086888468,0.3620491827213371
平顶山,2026-01,https://www.stats.gov.cn/sj/zxfb/202602/t20260213_1962617.html,2026-02,-0.29826233706068234,0.3620491827213371
广州,2026-01,https://www.stats.gov.cn/sj/zxfb/202602/t20260213_1962617.html,2026-02,-0.4589994349041078,0.3620491827213371
徐州,2026-01,https://www.stats.gov.cn/sj/zxfb/202602/t20260213_1962617.html,2026-02,-0.5699782544431775,0.3620491827213371
惠州,2026-01,https://www.stats.gov.cn/sj/zxfb/202602/t20260213_1962617.html,2026-02,-0.3832763601976302,0.3620491827213371
成都,2026-01,https://www.stats.gov.cn/sj/zxfb/202602/t20260213_1962617.html,2026-02,-0.3019456812775367,0.3620491827213371
扬州,2026-01,https://www.stats.gov.cn/sj/zxfb/202602/t20260213_1962617.html,2026-02,-0.18287395853665128,0.3620491827213371
无锡,2026-01,https://www.stats.gov.cn/sj/zxfb/202602/t20260213_1962617.html,2026-02,-0.29149967661770393,0.3620491827213371
昆明,2026-01,https://www.stats.gov.cn/sj/zxfb/202602/t20260213_1962617.html,2026-02,-0.4049006282315266,0.3620491827213371
杭州,2026-01,https://www.stats.gov.cn/sj/zxfb/202602/t20260213_1962617.html,2026-02,-0.0574019211207589,0.3620491827213371
桂林,2026-01,https://www.stats.gov.cn/sj/zxfb/202602/t20260213_1962617.html,2026-02,-0.4574792373158444,0.3620491827213371
武汉,2026-01,https://www.stats.gov.cn/sj/zxfb/202602/t20260213_1962617.html,2026-02,-0.16029139365680506,0.3620491827213371
沈阳,2026-01,https://www.stats.gov.cn/sj/zxfb/202602/t20260213_1962617.html,2026-02,-0.13921807366748212,0.3620491827213371
泉州,2026-01,https://www.stats.gov.cn/sj/zxfb/202602/t20260213_1962617.html,2026-02,-0.2721289516691354,0.3620491827213371
泸州,2026-01,https://www.stats.gov.cn/sj/zxfb/202602/t20260213_1962617.html,2026-02,-0.5756494487654085,0.3620491827213371
洛阳,2026-01,https://www.stats.gov.cn/sj/zxfb/202602/t20260213_1962617.html,2026-02,-0.392350368792553,0.3620491827213371
济南,2026-01,https://www.stats.gov.cn/sj/zxfb/202602/t20260213_1962617.html,2026-02,-0.21548860115036353,0.3620491827213371
济宁,2026-01,https://www.stats.gov.cn/sj/zxfb/202602/t20260213_1962617.html,2026-02,-0.45049502661729446,0.3620491827213371
海口,2026-01,https://www.stats.gov.cn/sj/zxfb/202602/t20260213_1962617.html,2026-02,-0.21114226399057673,0.3620491827213371
深圳,2026-01,https://www.stats.gov.cn/sj/zxfb/202602/t20260213_1962617.html,2026-02,-0.3652788956106075,0.3620491827213371
温州,2026-01,https://www.stats.gov.cn/sj/zxfb/202602/t20260213_1962617.html,2026-02,-0.44024914163341033,0.3620491827213371
湛江,2026-01,https://www.stats.gov.cn/sj/zxfb/202602/t20260213_1962617.html,2026-02,-0.39530612590171615,0.3620491827213371
烟台,2026-01,https://www.stats.gov.cn/sj/zxfb/202602/t20260213_1962617.html,2026-02,-0.33449032900062364,0.3620491827213371
牡丹江,2026-01,https://www.stats.gov.cn/sj/zxfb/202602/t20260213_1962617.html,2026-02,-0.18213750812107565,0.3620491827213371
石家庄,2026-01,https://www.stats.gov.cn/sj/zxfb/202602/t20260213_1962617.html,2026-02,-0.21031123839301435,0.3620491827213371
福州,2026-01,https://www.stats.gov.cn/sj/zxfb/202602/t20260213_1962617.html,2026-02,-0.39941452510458386,0.3620491827213371
秦皇岛,2026-01,https://www.stats.gov.cn/sj/zxfb/202602/t20260213_1962617.html,2026-02,-0.4454799610210104,0.3620491827213371
蚌埠,2026-01,https://www.stats.gov.cn/sj/zxfb/202602/t20260213_1962617.html,2026-02,-0.33976705751233627,0.3620491827213371
襄阳,2026-01,https://www.stats.gov.cn/sj/zxfb/202602/t20260213_1962617.html,2026-02,-0.4655439424987474,0.3620491827213371
西宁,2026-01,https://www.stats.gov.cn/sj/zxfb/202602/t20260213_1962617.html,2026-02,-0.2822690502025932,0.3620491827213371
西安,2026-01,https://www.stats.gov.cn/sj/zxfb/202602/t20260213_1962617.html,2026-02,-0.3701818244644994,0.3620491827213371
贵阳,2026-01,https://www.stats.gov.cn/sj/zxfb/202602/t20260213_1962617.html,2026-02,-0.2524212884971745,0.3620491827213371
赣州,2026-01,https://www.stats.gov.cn/sj/zxfb/202602/t20260213_1962617.html,2026-02,-0.3820713506764324,0.3620491827213371
遵义,2026-01,https://www.stats.gov.cn/sj/zxfb/202602/t20260213_1962617.html,2026-02,-0.17756555190317175,0.3620491827213371
郑州,2026-01,https://www.stats.gov.cn/sj/zxfb/202602/t20260213_1962617.html,2026-02,-0.41261881296766234,0.3620491827213371
重庆,2026-01,https://www.stats.gov.cn/sj/zxfb/202602/t20260213_1962617.html,2026-02,-0.19181394891839784,0.3620491827213371
金华,2026-01,https://www.stats.gov.cn/sj/zxfb/202602/t20260213_1962617.html,2026-02,-0.45208857673355934,0.3620491827213371
银川,2026-01,https://www.stats.gov.cn/sj/zxfb/202602/t20260213_1962617.html,2026-02,-0.20277076201904184,0.3620491827213371
锦州,2026-01,https://www.stats.gov.cn/sj/zxfb/202602/t20260213_1962617.html,2026-02,-0.22859953361411062,0.3620491827213371
长春,2026-01,https://www.stats.gov.cn/sj/zxfb/202602/t20260213_1962617.html,2026-02,-0.22353579750625302,0.3620491827213371
长沙,2026-01,https://www.stats.gov.cn/sj/zxfb/202602/t20260213_1962617.html,2026-02,-0.2710759270212351,0.3620491827213371
青岛,2026-01,https://www.stats.gov.cn/sj/zxfb/202602/t20260213_1962617.html,2026-02,-0.3624735965898075,0.3620491827213371
韶关,2026-01,https://www.stats.gov.cn/sj/zxfb/202602/t20260213_1962617.html,2026-02,-0.2163779852550059,0.3620491827213371
