target_month,actual_mean_pct,last_month_mae_pp,ridge_mae_pp,gradient_boosting_mae_pp,ridge_gain_over_last_month_pp
2025-01,-0.0671,0.2257,0.2024,0.2083,0.0233
2025-02,-0.1371,0.2757,0.2142,0.2145,0.0615
2025-03,-0.0843,0.2614,0.1876,0.2046,0.0738
2025-04,-0.1171,0.2129,0.1804,0.2328,0.0324
2025-05,-0.2229,0.28,0.2425,0.2282,0.0375
2025-06,-0.27,0.2386,0.2949,0.2136,-0.0564
2025-07,-0.3057,0.2414,0.2651,0.1893,-0.0237
2025-08,-0.2971,0.2457,0.3051,0.2037,-0.0594
2025-09,-0.4071,0.2757,0.2235,0.2006,0.0522
2025-10,-0.4514,0.2386,0.1971,0.2041,0.0415
2025-11,-0.3871,0.2471,0.2149,0.2232,0.0322
2025-12,-0.37,0.2686,0.2102,0.2161,0.0584
2026-01,-0.3657,0.2214,0.1664,0.1826,0.055
