city,neighbor,rank,training_correlation,graph_weight
三亚,福州,1,0.6677,0.2062
三亚,长沙,2,0.6634,0.2049
三亚,温州,3,0.6602,0.2039
三亚,武汉,4,0.6362,0.1965
三亚,常德,5,0.6106,0.1886
上海,南京,1,0.2687,0.225
上海,湛江,2,0.2629,0.2201
上海,南充,3,0.2615,0.219
上海,扬州,4,0.2089,0.1749
上海,郑州,5,0.1924,0.1611
丹东,蚌埠,1,0.5548,0.208
丹东,青岛,2,0.5377,0.2015
丹东,长沙,3,0.5373,0.2014
丹东,锦州,4,0.5261,0.1972
丹东,厦门,5,0.5122,0.192
乌鲁木齐,深圳,1,0.7571,0.2249
乌鲁木齐,青岛,2,0.6822,0.2027
乌鲁木齐,广州,3,0.6695,0.1989
乌鲁木齐,金华,4,0.6399,0.1901
乌鲁木齐,南昌,5,0.617,0.1833
九江,青岛,1,0.7,0.2099
九江,徐州,2,0.6681,0.2004
九江,襄阳,3,0.6581,0.1974
九江,广州,4,0.6579,0.1973
九江,郑州,5,0.6506,0.1951
兰州,福州,1,0.7299,0.2094
兰州,武汉,2,0.6981,0.2003
兰州,温州,3,0.6975,0.2002
兰州,包头,4,0.6883,0.1975
兰州,湛江,5,0.6712,0.1926
包头,洛阳,1,0.7869,0.2151
包头,郑州,2,0.7674,0.2097
包头,武汉,3,0.7217,0.1973
包头,福州,4,0.6947,0.1899
包头,兰州,5,0.6883,0.1881
北京,长沙,1,0.7753,0.2153
北京,广州,2,0.738,0.2049
北京,宁波,3,0.7169,0.199
北京,成都,4,0.6984,0.1939
北京,杭州,5,0.6733,0.1869
北海,兰州,1,0.6354,0.2141
北海,武汉,2,0.6271,0.2113
北海,岳阳,3,0.5829,0.1964
北海,哈尔滨,4,0.5616,0.1893
北海,安庆,5,0.5607,0.1889
南京,广州,1,0.7446,0.2156
南京,徐州,2,0.6919,0.2003
南京,青岛,3,0.6801,0.1969
南京,厦门,4,0.6754,0.1956
南京,宁波,5,0.6617,0.1916
南充,包头,1,0.3703,0.2208
南充,武汉,2,0.3664,0.2185
南充,襄阳,3,0.3194,0.1905
南充,北海,4,0.3162,0.1886
南充,兰州,5,0.3045,0.1816
南宁,武汉,1,0.7082,0.2101
南宁,金华,2,0.6709,0.199
南宁,郑州,3,0.6694,0.1986
南宁,广州,4,0.6623,0.1965
南宁,深圳,5,0.6596,0.1957
南昌,唐山,1,0.688,0.2062
南昌,济南,2,0.688,0.2062
南昌,海口,3,0.6662,0.1996
南昌,成都,4,0.648,0.1942
南昌,金华,5,0.6469,0.1938
厦门,青岛,1,0.7726,0.2068
厦门,深圳,2,0.7554,0.2022
厦门,武汉,3,0.7447,0.1994
厦门,重庆,4,0.7346,0.1967
厦门,温州,5,0.7281,0.1949
合肥,长沙,1,0.6224,0.2116
合肥,济南,2,0.6069,0.2064
合肥,青岛,3,0.5856,0.1991
合肥,杭州,4,0.5635,0.1916
合肥,成都,5,0.5628,0.1914
吉林,武汉,1,0.5677,0.2098
吉林,重庆,2,0.5472,0.2022
吉林,南宁,3,0.5425,0.2005
吉林,天津,4,0.5381,0.1989
吉林,烟台,5,0.5105,0.1887
呼和浩特,济南,1,0.6315,0.2126
呼和浩特,海口,2,0.5889,0.1982
呼和浩特,唐山,3,0.5865,0.1974
呼和浩特,泸州,4,0.5834,0.1963
呼和浩特,重庆,5,0.5809,0.1955
哈尔滨,洛阳,1,0.7002,0.2094
哈尔滨,襄阳,2,0.6879,0.2058
哈尔滨,包头,3,0.6673,0.1996
哈尔滨,天津,4,0.6633,0.1984
哈尔滨,武汉,5,0.6243,0.1868
唐山,南昌,1,0.688,0.2113
唐山,广州,2,0.6576,0.202
唐山,福州,3,0.656,0.2015
唐山,北京,4,0.6335,0.1946
唐山,济南,5,0.6204,0.1906
大理,昆明,1,0.4858,0.2487
大理,遵义,2,0.3965,0.203
大理,兰州,3,0.3705,0.1897
大理,泉州,4,0.3519,0.1802
大理,北海,5,0.3485,0.1784
大连,沈阳,1,0.6307,0.2021
大连,济宁,2,0.6295,0.2017
大连,无锡,3,0.6271,0.2009
大连,广州,4,0.625,0.2002
大连,青岛,5,0.6088,0.1951
天津,武汉,1,0.6808,0.2053
天津,济南,2,0.6661,0.2008
天津,哈尔滨,3,0.6633,0.2
天津,郑州,4,0.6534,0.197
天津,洛阳,5,0.6529,0.1969
太原,湛江,1,0.5083,0.2316
太原,北海,2,0.4992,0.2274
太原,沈阳,3,0.422,0.1923
太原,哈尔滨,4,0.3935,0.1793
太原,兰州,5,0.3719,0.1694
宁波,烟台,1,0.7374,0.2059
宁波,广州,2,0.73,0.2039
宁波,青岛,3,0.725,0.2025
宁波,北京,4,0.7169,0.2002
宁波,蚌埠,5,0.6714,0.1875
安庆,兰州,1,0.6235,0.2131
安庆,烟台,2,0.5973,0.2042
安庆,武汉,3,0.5725,0.1957
安庆,湛江,4,0.5688,0.1944
安庆,蚌埠,5,0.5635,0.1926
宜昌,郑州,1,0.5637,0.2113
宜昌,南宁,2,0.5367,0.2012
宜昌,温州,3,0.531,0.1991
宜昌,武汉,4,0.5211,0.1954
宜昌,金华,5,0.5147,0.193
岳阳,北海,1,0.5829,0.2152
岳阳,武汉,2,0.5371,0.1983
岳阳,温州,3,0.5368,0.1982
岳阳,洛阳,4,0.5287,0.1952
岳阳,湛江,5,0.5228,0.193
常德,三亚,1,0.6106,0.2074
常德,武汉,2,0.6027,0.2047
常德,南宁,3,0.5812,0.1974
常德,襄阳,4,0.575,0.1953
常德,蚌埠,5,0.5745,0.1951
平顶山,洛阳,1,0.6393,0.2326
平顶山,厦门,2,0.5868,0.2135
平顶山,武汉,3,0.5164,0.1879
平顶山,沈阳,4,0.5126,0.1865
平顶山,哈尔滨,5,0.4934,0.1795
广州,青岛,1,0.7711,0.2021
广州,济南,2,0.7667,0.2009
广州,重庆,3,0.7619,0.1997
广州,银川,4,0.7612,0.1995
广州,深圳,5,0.7546,0.1978
徐州,郑州,1,0.7505,0.21
徐州,广州,2,0.7459,0.2087
徐州,银川,3,0.7181,0.2009
徐州,南京,4,0.6919,0.1936
徐州,九江,5,0.6681,0.1869
惠州,郑州,1,0.7303,0.2161
惠州,无锡,2,0.672,0.1988
惠州,赣州,3,0.666,0.197
惠州,福州,4,0.6619,0.1958
惠州,徐州,5,0.6502,0.1923
成都,北京,1,0.6984,0.2073
成都,赣州,2,0.6764,0.2008
成都,宁波,3,0.6704,0.199
成都,福州,4,0.6651,0.1974
成都,杭州,5,0.6589,0.1956
扬州,郑州,1,0.7105,0.2152
扬州,武汉,2,0.6754,0.2045
扬州,襄阳,3,0.6605,0.2
扬州,九江,4,0.6297,0.1907
扬州,济南,5,0.626,0.1896
无锡,惠州,1,0.672,0.2102
无锡,长沙,2,0.6346,0.1985
无锡,青岛,3,0.6345,0.1985
无锡,金华,4,0.6288,0.1967
无锡,大连,5,0.6271,0.1961
昆明,成都,1,0.5769,0.2087
昆明,福州,2,0.5709,0.2065
昆明,惠州,3,0.5524,0.1999
昆明,唐山,4,0.5468,0.1978
昆明,武汉,5,0.5171,0.1871
杭州,长沙,1,0.6986,0.205
杭州,青岛,2,0.6901,0.2025
杭州,厦门,3,0.6871,0.2016
杭州,北京,4,0.6733,0.1976
杭州,成都,5,0.6589,0.1933
桂林,唐山,1,0.5786,0.2109
桂林,包头,2,0.5651,0.206
桂林,重庆,3,0.5516,0.201
桂林,郑州,4,0.5504,0.2006
桂林,福州,5,0.4981,0.1815
武汉,郑州,1,0.7495,0.2042
武汉,厦门,2,0.7447,0.2029
武汉,重庆,3,0.7407,0.2018
武汉,包头,4,0.7217,0.1966
武汉,福州,5,0.7141,0.1945
沈阳,济宁,1,0.6912,0.2122
沈阳,厦门,2,0.6701,0.2058
沈阳,洛阳,3,0.6507,0.1998
沈阳,大连,4,0.6307,0.1937
沈阳,武汉,5,0.614,0.1885
泉州,长沙,1,0.613,0.2162
泉州,兰州,2,0.5719,0.2017
泉州,福州,3,0.5604,0.1976
泉州,温州,4,0.5474,0.193
泉州,无锡,5,0.5432,0.1915
泸州,武汉,1,0.689,0.2191
泸州,济南,2,0.6864,0.2183
泸州,洛阳,3,0.5975,0.19
泸州,烟台,4,0.588,0.187
泸州,呼和浩特,5,0.5834,0.1855
洛阳,包头,1,0.7869,0.2126
洛阳,济南,2,0.7513,0.203
洛阳,温州,3,0.7398,0.1998
洛阳,武汉,4,0.7127,0.1925
洛阳,福州,5,0.7112,0.1921
济南,青岛,1,0.7796,0.2021
济南,长沙,2,0.7734,0.2005
济南,海口,3,0.7696,0.1995
济南,福州,4,0.7678,0.1991
济南,广州,5,0.7667,0.1988
济宁,沈阳,1,0.6912,0.2083
济宁,海口,2,0.6824,0.2056
济宁,广州,3,0.6568,0.1979
济宁,银川,4,0.6496,0.1958
济宁,重庆,5,0.6386,0.1924
海口,济南,1,0.7696,0.2186
海口,青岛,2,0.7054,0.2004
海口,长沙,3,0.6838,0.1942
海口,济宁,4,0.6824,0.1938
海口,襄阳,5,0.6796,0.193
深圳,金华,1,0.7922,0.2072
深圳,青岛,2,0.7644,0.1999
深圳,乌鲁木齐,3,0.7571,0.198
深圳,厦门,4,0.7554,0.1976
深圳,广州,5,0.7546,0.1973
温州,洛阳,1,0.7398,0.2052
温州,福州,2,0.7388,0.2049
温州,厦门,3,0.7281,0.2019
温州,金华,4,0.7017,0.1946
温州,兰州,5,0.6975,0.1934
湛江,武汉,1,0.6778,0.2083
湛江,兰州,2,0.6712,0.2063
湛江,包头,3,0.6506,0.2
湛江,郑州,4,0.636,0.1955
湛江,哈尔滨,5,0.6182,0.19
烟台,青岛,1,0.7399,0.2164
烟台,宁波,2,0.7374,0.2157
烟台,厦门,3,0.6502,0.1902
烟台,广州,4,0.6496,0.19
烟台,长沙,5,0.6424,0.1879
牡丹江,青岛,1,0.6231,0.2146
牡丹江,广州,2,0.5916,0.2038
牡丹江,济南,3,0.5704,0.1965
牡丹江,大连,4,0.5638,0.1942
牡丹江,赣州,5,0.5539,0.1908
石家庄,天津,1,0.6319,0.2253
石家庄,贵阳,2,0.5895,0.2102
石家庄,哈尔滨,3,0.5475,0.1952
石家庄,秦皇岛,4,0.5274,0.1881
石家庄,武汉,5,0.5081,0.1812
福州,济南,1,0.7678,0.2075
福州,温州,2,0.7388,0.1996
福州,赣州,3,0.7369,0.1991
福州,兰州,4,0.7299,0.1972
福州,金华,5,0.7276,0.1966
秦皇岛,南宁,1,0.5523,0.2137
秦皇岛,石家庄,2,0.5274,0.2041
秦皇岛,乌鲁木齐,3,0.508,0.1966
秦皇岛,宜昌,4,0.4998,0.1934
秦皇岛,泉州,5,0.497,0.1923
蚌埠,青岛,1,0.7264,0.2094
蚌埠,襄阳,2,0.6967,0.2008
蚌埠,济南,3,0.6931,0.1998
蚌埠,福州,4,0.6815,0.1964
蚌埠,宁波,5,0.6714,0.1936
襄阳,济南,1,0.6973,0.2017
襄阳,蚌埠,2,0.6967,0.2015
襄阳,青岛,3,0.6962,0.2013
襄阳,哈尔滨,4,0.6879,0.199
襄阳,海口,5,0.6796,0.1965
西宁,青岛,1,0.6902,0.2114
西宁,洛阳,2,0.6623,0.2029
西宁,徐州,3,0.6477,0.1984
西宁,郑州,4,0.6368,0.1951
西宁,武汉,5,0.6278,0.1923
西安,无锡,1,0.5346,0.2063
西安,海口,2,0.5197,0.2005
西安,济南,3,0.5187,0.2002
西安,洛阳,4,0.5095,0.1966
西安,长沙,5,0.509,0.1964
贵阳,海口,1,0.6174,0.2099
贵阳,南宁,2,0.6069,0.2064
贵阳,石家庄,3,0.5895,0.2004
贵阳,南昌,4,0.5676,0.193
贵阳,成都,5,0.5596,0.1903
赣州,福州,1,0.7369,0.2084
赣州,深圳,2,0.735,0.2079
赣州,金华,3,0.708,0.2002
赣州,厦门,4,0.6797,0.1922
赣州,成都,5,0.6764,0.1913
遵义,泸州,1,0.5387,0.2047
遵义,徐州,2,0.5283,0.2008
遵义,天津,3,0.5254,0.1997
遵义,惠州,4,0.5195,0.1974
遵义,呼和浩特,5,0.5194,0.1974
郑州,包头,1,0.7674,0.2049
郑州,徐州,2,0.7505,0.2004
郑州,武汉,3,0.7495,0.2001
郑州,广州,4,0.7473,0.1995
郑州,惠州,5,0.7303,0.195
重庆,广州,1,0.7619,0.2084
重庆,武汉,2,0.7407,0.2026
重庆,厦门,3,0.7346,0.201
重庆,深圳,4,0.729,0.1994
重庆,福州,5,0.6891,0.1885
金华,深圳,1,0.7922,0.2114
金华,长沙,2,0.7616,0.2032
金华,济南,3,0.7335,0.1957
金华,青岛,4,0.7326,0.1955
金华,福州,5,0.7276,0.1942
银川,广州,1,0.7612,0.2156
银川,徐州,2,0.7181,0.2034
银川,深圳,3,0.7092,0.2008
银川,温州,4,0.683,0.1934
银川,北京,5,0.6597,0.1868
锦州,襄阳,1,0.6249,0.2054
锦州,厦门,2,0.6215,0.2043
锦州,重庆,3,0.6048,0.1988
锦州,海口,4,0.597,0.1962
锦州,洛阳,5,0.5942,0.1953
长春,洛阳,1,0.5737,0.2243
长春,温州,2,0.5563,0.2176
长春,银川,3,0.4857,0.19
长春,宜昌,4,0.4725,0.1848
长春,金华,5,0.4688,0.1833
长沙,青岛,1,0.78,0.2044
长沙,北京,2,0.7753,0.2032
长沙,济南,3,0.7734,0.2027
长沙,金华,4,0.7616,0.1996
长沙,福州,5,0.7252,0.1901
青岛,长沙,1,0.78,0.2017
青岛,济南,2,0.7796,0.2016
青岛,厦门,3,0.7726,0.1998
青岛,广州,4,0.7711,0.1994
青岛,深圳,5,0.7644,0.1976
韶关,襄阳,1,0.6158,0.208
韶关,济南,2,0.6059,0.2046
韶关,扬州,3,0.6003,0.2028
韶关,九江,4,0.5819,0.1965
韶关,蚌埠,5,0.5568,0.1881
