feature,coefficient,absolute_weight
city__city_上海,0.23417762648684348,0.23417762648684348
city__city_杭州,0.1532050241628723,0.1532050241628723
city__city_成都,0.11869708051838812,0.11869708051838812
num__new_mom_pct,0.10801283978323868,0.10801283978323868
city__city_岳阳,-0.09232844829635276,0.09232844829635276
city__city_西安,0.0883017605199933,0.0883017605199933
city__city_乌鲁木齐,0.08673441244801432,0.08673441244801432
city__city_合肥,0.0865949189361025,0.0865949189361025
city__city_温州,-0.08579727085042661,0.08579727085042661
num__national_second_mean,0.07865245269811161,0.07865245269811161
num__calendar_cos,0.07855085401691618,0.07855085401691618
city__city_泸州,-0.07786281501644403,0.07786281501644403
city__city_包头,-0.07219231976974133,0.07219231976974133
city__city_湛江,-0.07189415405108647,0.07189415405108647
city__city_北京,0.07108676036891005,0.07108676036891005
city__city_北海,-0.07076844248363057,0.07076844248363057
city__city_三亚,0.07075722541888058,0.07075722541888058
city__city_秦皇岛,-0.07070772956647194,0.07070772956647194
city__city_常德,-0.07046074926841564,0.07046074926841564
city__city_长沙,0.06965065115111312,0.06965065115111312
num__share_cities_rising,0.06702776635858407,0.06702776635858407
city__city_昆明,-0.06370148043626794,0.06370148043626794
city__city_金华,-0.061704844399201174,0.061704844399201174
city__city_济南,0.06100194701994606,0.06100194701994606
city__city_太原,0.05637791373288758,0.05637791373288758
city__city_兰州,-0.053081973107016546,0.053081973107016546
num__new_mean3,0.05232814672145163,0.05232814672145163
city__city_重庆,0.049519243771164644,0.049519243771164644
city__city_宁波,0.04904673925599661,0.04904673925599661
num__national_new_mean,-0.049030629974835566,0.049030629974835566
city__city_惠州,-0.04572683925564788,0.04572683925564788
city__city_银川,0.04456807487623241,0.04456807487623241
city__city_西宁,-0.044414404306760955,0.044414404306760955
city__city_洛阳,-0.043171258932590655,0.043171258932590655
city__city_济宁,-0.041980043472508166,0.041980043472508166
city__city_大理,-0.04013789439582858,0.04013789439582858
city__city_海口,0.03895990139780777,0.03895990139780777
num__second_mean6,0.03890578465151273,0.03890578465151273
city__city_广州,-0.03857324245396565,0.03857324245396565
city__city_哈尔滨,-0.03789940233058982,0.03789940233058982
city__city_青岛,0.03737304290650024,0.03737304290650024
city__city_遵义,0.03696883055639929,0.03696883055639929
city__city_九江,-0.034811923109627545,0.034811923109627545
city__city_襄阳,-0.033194172434062884,0.033194172434062884
city__city_厦门,-0.03279188526789289,0.03279188526789289
city__city_平顶山,0.03206471040179785,0.03206471040179785
city__city_天津,0.029867845983579826,0.029867845983579826
num__second_mom_pct,0.02802576412003412,0.02802576412003412
city__city_桂林,-0.026188852384777507,0.026188852384777507
city__city_扬州,-0.025739894573503834,0.025739894573503834
city__city_徐州,-0.02421059640833931,0.02421059640833931
city__city_郑州,-0.02414444127968635,0.02414444127968635
city__city_深圳,-0.023897877885736787,0.023897877885736787
city__city_福州,-0.02376866539199777,0.02376866539199777
city__city_安庆,-0.023681813374859497,0.023681813374859497
city__city_赣州,-0.02324152042534179,0.02324152042534179
city__city_唐山,-0.023038926135289867,0.023038926135289867
city__city_丹东,-0.022019258617588112,0.022019258617588112
city__city_石家庄,0.021302362005745912,0.021302362005745912
num__new_lag1,0.021229891491126054,0.021229891491126054
city__city_南昌,0.01988910553617976,0.01988910553617976
num__new_lag6,-0.019836444212962847,0.019836444212962847
num__second_lag2,-0.018635770089950134,0.018635770089950134
city__city_大连,-0.01849104996285818,0.01849104996285818
city__city_蚌埠,-0.018151213079420452,0.018151213079420452
num__new_lag3,0.01598507541762919,0.01598507541762919
num__new_mean6,-0.015456872500466042,0.015456872500466042
city__city_韶关,-0.01479279323802988,0.01479279323802988
city__city_沈阳,0.01436847670240273,0.01436847670240273
city__city_南京,0.014149735481460094,0.014149735481460094
city__city_吉林,0.01346804314269952,0.01346804314269952
city__city_泉州,-0.013322581749224014,0.013322581749224014
city__city_武汉,-0.012320388532850581,0.012320388532850581
city__city_牡丹江,-0.011688581040330569,0.011688581040330569
city__city_贵阳,0.008376151805848633,0.008376151805848633
city__city_无锡,0.007246434674926418,0.007246434674926418
city__city_烟台,-0.007012440730681977,0.007012440730681977
city__city_锦州,0.006220609887961098,0.006220609887961098
num__calendar_sin,-0.004919923784995661,0.004919923784995661
city__city_宜昌,0.004289807241862918,0.004289807241862918
city__city_南宁,-0.0040318624631171555,0.0040318624631171555
num__second_mean3,0.0036628309301226184,0.0036628309301226184
num__second_lag3,0.003575996580583551,0.003575996580583551
num__second_lag6,-0.002703511080291462,0.002703511080291462
city__city_南充,0.0020065311056378476,0.0020065311056378476
city__city_长春,-0.0018578692944601358,0.0018578692944601358
city__city_呼和浩特,-0.0014690477256751565,0.0014690477256751565
num__new_lag2,0.0005956368115964549,0.0005956368115964549
num__second_lag1,-0.0004164716840073304,0.0004164716840073304
